customer_id,complaint_date,complaint_text,sentiment_score,sentiment_label
716856408,2025-02-26,I was promised a resolution two weeks ago. Nothing. I'm leaving.,0.3612,neutral
716856408,2025-02-17,Hidden fees again. Done with this bank. Transferring everything out.,0.0,neutral
713373708,2025-03-05,Hidden fees again. Done with this bank. Transferring everything out.,0.0,neutral
709075533,2025-10-23,I was promised a resolution two weeks ago. Nothing. I'm leaving.,0.3612,neutral
709075533,2025-12-15,Hidden fees again. Done with this bank. Transferring everything out.,0.0,neutral
716963283,2025-05-17,Hidden fees again. Done with this bank. Transferring everything out.,0.0,neutral
716963283,2025-03-23,I was promised a resolution two weeks ago. Nothing. I'm leaving.,0.3612,neutral
716963283,2025-05-18,This is absolutely unacceptable. I've been charged twice and no one helps.,-0.5709,negative
714097683,2025-03-17,I was promised a resolution two weeks ago. Nothing. I'm leaving.,0.3612,neutral
714097683,2025-04-12,Worst customer service I've ever experienced. Closing my account.,-0.6249,negative
714097683,2025-04-13,Hidden fees again. Done with this bank. Transferring everything out.,0.0,neutral
712740108,2025-08-26,App keeps crashing and support doesn't respond. Extremely frustrated.,0.6901,neutral
712740108,2025-10-11,I was promised a resolution two weeks ago. Nothing. I'm leaving.,0.3612,neutral
712740108,2025-03-29,App keeps crashing and support doesn't respond. Extremely frustrated.,0.6901,neutral
709612983,2025-12-27,Worst customer service I've ever experienced. Closing my account.,-0.6249,negative
712611108,2025-12-22,I was promised a resolution two weeks ago. Nothing. I'm leaving.,0.3612,neutral
714022833,2025-07-04,Worst customer service I've ever experienced. Closing my account.,-0.6249,negative
714022833,2025-02-10,I was promised a resolution two weeks ago. Nothing. I'm leaving.,0.3612,neutral
714022833,2025-01-23,Worst customer service I've ever experienced. Closing my account.,-0.6249,negative
770724558,2025-04-13,App keeps crashing and support doesn't respond. Extremely frustrated.,0.6901,neutral
770724558,2025-09-05,App keeps crashing and support doesn't respond. Extremely frustrated.,0.6901,neutral
770724558,2025-09-04,This is absolutely unacceptable. I've been charged twice and no one helps.,-0.5709,negative
716832858,2025-10-25,Hidden fees again. Done with this bank. Transferring everything out.,0.0,neutral
716832858,2025-12-23,Hidden fees again. Done with this bank. Transferring everything out.,0.0,neutral
716832858,2025-07-20,Hidden fees again. Done with this bank. Transferring everything out.,0.0,neutral
828215508,2025-09-11,Worst customer service I've ever experienced. Closing my account.,-0.6249,negative
828215508,2025-06-27,I was promised a resolution two weeks ago. Nothing. I'm leaving.,0.3612,neutral
720551733,2025-10-18,App keeps crashing and support doesn't respond. Extremely frustrated.,0.6901,neutral
720551733,2025-11-28,This is absolutely unacceptable. I've been charged twice and no one helps.,-0.5709,negative
712766208,2025-11-06,This is absolutely unacceptable. I've been charged twice and no one helps.,-0.5709,negative
712766208,2025-01-09,Hidden fees again. Done with this bank. Transferring everything out.,0.0,neutral
712766208,2025-02-04,I was promised a resolution two weeks ago. Nothing. I'm leaving.,0.3612,neutral
789817833,2025-11-14,Hidden fees again. Done with this bank. Transferring everything out.,0.0,neutral
789817833,2025-08-22,I was promised a resolution two weeks ago. Nothing. I'm leaving.,0.3612,neutral
807393558,2025-01-01,Worst customer service I've ever experienced. Closing my account.,-0.6249,negative
807393558,2025-05-18,I was promised a resolution two weeks ago. Nothing. I'm leaving.,0.3612,neutral
708386958,2025-06-26,App keeps crashing and support doesn't respond. Extremely frustrated.,0.6901,neutral
708386958,2025-02-26,Hidden fees again. Done with this bank. Transferring everything out.,0.0,neutral
794707083,2025-08-03,I was promised a resolution two weeks ago. Nothing. I'm leaving.,0.3612,neutral
794707083,2025-02-26,Hidden fees again. Done with this bank. Transferring everything out.,0.0,neutral
710658483,2025-07-30,I was promised a resolution two weeks ago. Nothing. I'm leaving.,0.3612,neutral
710658483,2025-06-18,This is absolutely unacceptable. I've been charged twice and no one helps.,-0.5709,negative
713608383,2025-03-07,I was promised a resolution two weeks ago. Nothing. I'm leaving.,0.3612,neutral
713608383,2025-07-31,Hidden fees again. Done with this bank. Transferring everything out.,0.0,neutral
713608383,2025-02-17,I was promised a resolution two weeks ago. Nothing. I'm leaving.,0.3612,neutral
711159108,2025-02-16,App keeps crashing and support doesn't respond. Extremely frustrated.,0.6901,neutral
711159108,2025-08-22,Hidden fees again. Done with this bank. Transferring everything out.,0.0,neutral
711159108,2025-10-31,Worst customer service I've ever experienced. Closing my account.,-0.6249,negative
711325308,2025-06-12,This is absolutely unacceptable. I've been charged twice and no one helps.,-0.5709,negative
711325308,2025-05-06,I was promised a resolution two weeks ago. Nothing. I'm leaving.,0.3612,neutral
714773508,2025-08-05,Hidden fees again. Done with this bank. Transferring everything out.,0.0,neutral
714773508,2025-01-01,Hidden fees again. Done with this bank. Transferring everything out.,0.0,neutral
714773508,2025-02-15,App keeps crashing and support doesn't respond. Extremely frustrated.,0.6901,neutral
772442883,2025-02-08,Worst customer service I've ever experienced. Closing my account.,-0.6249,negative
772442883,2025-05-27,I was promised a resolution two weeks ago. Nothing. I'm leaving.,0.3612,neutral
772442883,2025-06-04,This is absolutely unacceptable. I've been charged twice and no one helps.,-0.5709,negative
717042333,2025-03-23,I was promised a resolution two weeks ago. Nothing. I'm leaving.,0.3612,neutral
816261858,2025-06-29,Hidden fees again. Done with this bank. Transferring everything out.,0.0,neutral
815085708,2025-08-29,This is absolutely unacceptable. I've been charged twice and no one helps.,-0.5709,negative
815085708,2025-09-25,Hidden fees again. Done with this bank. Transferring everything out.,0.0,neutral
716977758,2025-11-04,I was promised a resolution two weeks ago. Nothing. I'm leaving.,0.3612,neutral
716977758,2025-05-15,App keeps crashing and support doesn't respond. Extremely frustrated.,0.6901,neutral
716977758,2025-12-08,This is absolutely unacceptable. I've been charged twice and no one helps.,-0.5709,negative
794571108,2025-06-09,App keeps crashing and support doesn't respond. Extremely frustrated.,0.6901,neutral
794571108,2025-05-12,App keeps crashing and support doesn't respond. Extremely frustrated.,0.6901,neutral
794571108,2025-02-13,App keeps crashing and support doesn't respond. Extremely frustrated.,0.6901,neutral
711816108,2025-04-19,App keeps crashing and support doesn't respond. Extremely frustrated.,0.6901,neutral
711816108,2025-01-19,Worst customer service I've ever experienced. Closing my account.,-0.6249,negative
719986758,2025-06-12,I was promised a resolution two weeks ago. Nothing. I'm leaving.,0.3612,neutral
719986758,2025-11-12,Hidden fees again. Done with this bank. Transferring everything out.,0.0,neutral
719986758,2025-02-24,Hidden fees again. Done with this bank. Transferring everything out.,0.0,neutral
716329383,2025-05-31,Worst customer service I've ever experienced. Closing my account.,-0.6249,negative
712509108,2025-06-05,I was promised a resolution two weeks ago. Nothing. I'm leaving.,0.3612,neutral
712509108,2025-05-07,App keeps crashing and support doesn't respond. Extremely frustrated.,0.6901,neutral
712509108,2025-12-05,I was promised a resolution two weeks ago. Nothing. I'm leaving.,0.3612,neutral
720941433,2025-08-16,This is absolutely unacceptable. I've been charged twice and no one helps.,-0.5709,negative
720941433,2025-08-14,Worst customer service I've ever experienced. Closing my account.,-0.6249,negative
720941433,2025-02-24,Worst customer service I've ever experienced. Closing my account.,-0.6249,negative
708330858,2025-07-06,I was promised a resolution two weeks ago. Nothing. I'm leaving.,0.3612,neutral
788794758,2025-08-17,App keeps crashing and support doesn't respond. Extremely frustrated.,0.6901,neutral
788794758,2025-08-10,This is absolutely unacceptable. I've been charged twice and no one helps.,-0.5709,negative
788794758,2025-03-01,I was promised a resolution two weeks ago. Nothing. I'm leaving.,0.3612,neutral
711562833,2025-02-10,App keeps crashing and support doesn't respond. Extremely frustrated.,0.6901,neutral
754443033,2025-03-28,This is absolutely unacceptable. I've been charged twice and no one helps.,-0.5709,negative
709278258,2025-01-04,Worst customer service I've ever experienced. Closing my account.,-0.6249,negative
714266883,2025-11-21,I was promised a resolution two weeks ago. Nothing. I'm leaving.,0.3612,neutral
710289783,2025-02-02,I was promised a resolution two weeks ago. Nothing. I'm leaving.,0.3612,neutral
809811858,2025-09-04,Worst customer service I've ever experienced. Closing my account.,-0.6249,negative
809811858,2025-12-02,Worst customer service I've ever experienced. Closing my account.,-0.6249,negative
809811858,2025-03-02,Worst customer service I've ever experienced. Closing my account.,-0.6249,negative
714136233,2025-06-13,App keeps crashing and support doesn't respond. Extremely frustrated.,0.6901,neutral
714136233,2025-02-03,Hidden fees again. Done with this bank. Transferring everything out.,0.0,neutral
714136233,2025-10-26,App keeps crashing and support doesn't respond. Extremely frustrated.,0.6901,neutral
718877883,2025-03-16,I was promised a resolution two weeks ago. Nothing. I'm leaving.,0.3612,neutral
718877883,2025-03-07,App keeps crashing and support doesn't respond. Extremely frustrated.,0.6901,neutral
718877883,2025-11-05,App keeps crashing and support doesn't respond. Extremely frustrated.,0.6901,neutral
710136258,2025-05-02,This is absolutely unacceptable. I've been charged twice and no one helps.,-0.5709,negative
710136258,2025-05-01,This is absolutely unacceptable. I've been charged twice and no one helps.,-0.5709,negative
710666583,2025-01-05,Hidden fees again. Done with this bank. Transferring everything out.,0.0,neutral
710666583,2025-11-20,Hidden fees again. Done with this bank. Transferring everything out.,0.0,neutral
772528158,2025-01-15,Worst customer service I've ever experienced. Closing my account.,-0.6249,negative
772528158,2025-11-28,Hidden fees again. Done with this bank. Transferring everything out.,0.0,neutral
712113558,2025-06-10,I was promised a resolution two weeks ago. Nothing. I'm leaving.,0.3612,neutral
712113558,2025-02-20,Hidden fees again. Done with this bank. Transferring everything out.,0.0,neutral
712113558,2025-03-30,I was promised a resolution two weeks ago. Nothing. I'm leaving.,0.3612,neutral
794719983,2025-11-28,Worst customer service I've ever experienced. Closing my account.,-0.6249,negative
794719983,2025-05-23,App keeps crashing and support doesn't respond. Extremely frustrated.,0.6901,neutral
712010358,2025-07-11,This is absolutely unacceptable. I've been charged twice and no one helps.,-0.5709,negative
712010358,2025-02-19,I was promised a resolution two weeks ago. Nothing. I'm leaving.,0.3612,neutral
720930633,2025-03-27,This is absolutely unacceptable. I've been charged twice and no one helps.,-0.5709,negative
720930633,2025-09-23,This is absolutely unacceptable. I've been charged twice and no one helps.,-0.5709,negative
772382283,2025-07-09,Hidden fees again. Done with this bank. Transferring everything out.,0.0,neutral
714629358,2025-03-26,I was promised a resolution two weeks ago. Nothing. I'm leaving.,0.3612,neutral
714629358,2025-04-30,Hidden fees again. Done with this bank. Transferring everything out.,0.0,neutral
713336883,2025-07-23,App keeps crashing and support doesn't respond. Extremely frustrated.,0.6901,neutral
717518733,2025-06-30,Hidden fees again. Done with this bank. Transferring everything out.,0.0,neutral
716272158,2025-04-15,Worst customer service I've ever experienced. Closing my account.,-0.6249,negative
716272158,2025-11-09,Hidden fees again. Done with this bank. Transferring everything out.,0.0,neutral
716272158,2025-11-30,Hidden fees again. Done with this bank. Transferring everything out.,0.0,neutral
778867533,2025-05-16,App keeps crashing and support doesn't respond. Extremely frustrated.,0.6901,neutral
827051808,2025-08-04,App keeps crashing and support doesn't respond. Extremely frustrated.,0.6901,neutral
827051808,2025-02-12,I was promised a resolution two weeks ago. Nothing. I'm leaving.,0.3612,neutral
827051808,2025-02-22,Worst customer service I've ever experienced. Closing my account.,-0.6249,negative
708288108,2025-05-11,Hidden fees again. Done with this bank. Transferring everything out.,0.0,neutral
720071583,2025-07-07,This is absolutely unacceptable. I've been charged twice and no one helps.,-0.5709,negative
720071583,2025-02-25,Hidden fees again. Done with this bank. Transferring everything out.,0.0,neutral
720071583,2025-08-25,App keeps crashing and support doesn't respond. Extremely frustrated.,0.6901,neutral
708927108,2025-01-02,App keeps crashing and support doesn't respond. Extremely frustrated.,0.6901,neutral
709646433,2025-12-01,Worst customer service I've ever experienced. Closing my account.,-0.6249,negative
785237958,2025-10-25,This is absolutely unacceptable. I've been charged twice and no one helps.,-0.5709,negative
718437033,2025-07-19,This is absolutely unacceptable. I've been charged twice and no one helps.,-0.5709,negative
718437033,2025-01-29,Worst customer service I've ever experienced. Closing my account.,-0.6249,negative
718437033,2025-09-19,This is absolutely unacceptable. I've been charged twice and no one helps.,-0.5709,negative
714887808,2025-04-08,Hidden fees again. Done with this bank. Transferring everything out.,0.0,neutral
813499458,2025-03-01,Hidden fees again. Done with this bank. Transferring everything out.,0.0,neutral
813499458,2025-07-30,App keeps crashing and support doesn't respond. Extremely frustrated.,0.6901,neutral
813499458,2025-02-24,Hidden fees again. Done with this bank. Transferring everything out.,0.0,neutral
713583408,2025-02-23,Worst customer service I've ever experienced. Closing my account.,-0.6249,negative
713583408,2025-12-12,I was promised a resolution two weeks ago. Nothing. I'm leaving.,0.3612,neutral
718791708,2025-07-03,App keeps crashing and support doesn't respond. Extremely frustrated.,0.6901,neutral
718791708,2025-04-01,I was promised a resolution two weeks ago. Nothing. I'm leaving.,0.3612,neutral
718791708,2025-10-01,This is absolutely unacceptable. I've been charged twice and no one helps.,-0.5709,negative
711736083,2025-03-06,Hidden fees again. Done with this bank. Transferring everything out.,0.0,neutral
711736083,2025-04-20,Worst customer service I've ever experienced. Closing my account.,-0.6249,negative
711736083,2025-07-31,Hidden fees again. Done with this bank. Transferring everything out.,0.0,neutral
789382758,2025-01-02,Hidden fees again. Done with this bank. Transferring everything out.,0.0,neutral
789382758,2025-03-11,I was promised a resolution two weeks ago. Nothing. I'm leaving.,0.3612,neutral
788095158,2025-08-06,Hidden fees again. Done with this bank. Transferring everything out.,0.0,neutral
714102183,2025-05-07,Worst customer service I've ever experienced. Closing my account.,-0.6249,negative
780008358,2025-08-27,Worst customer service I've ever experienced. Closing my account.,-0.6249,negative
780008358,2025-04-27,I was promised a resolution two weeks ago. Nothing. I'm leaving.,0.3612,neutral
718731183,2025-10-29,Worst customer service I've ever experienced. Closing my account.,-0.6249,negative
718731183,2025-01-10,I was promised a resolution two weeks ago. Nothing. I'm leaving.,0.3612,neutral
718731183,2025-11-17,Hidden fees again. Done with this bank. Transferring everything out.,0.0,neutral
719146008,2025-06-02,Hidden fees again. Done with this bank. Transferring everything out.,0.0,neutral
719146008,2025-10-17,This is absolutely unacceptable. I've been charged twice and no one helps.,-0.5709,negative
712979133,2025-11-21,Worst customer service I've ever experienced. Closing my account.,-0.6249,negative
709548783,2025-11-25,This is absolutely unacceptable. I've been charged twice and no one helps.,-0.5709,negative
709548783,2025-02-13,App keeps crashing and support doesn't respond. Extremely frustrated.,0.6901,neutral
709548783,2025-11-17,I was promised a resolution two weeks ago. Nothing. I'm leaving.,0.3612,neutral
716708583,2025-01-06,Worst customer service I've ever experienced. Closing my account.,-0.6249,negative
710155158,2025-10-19,This is absolutely unacceptable. I've been charged twice and no one helps.,-0.5709,negative
710155158,2025-10-31,This is absolutely unacceptable. I've been charged twice and no one helps.,-0.5709,negative
710155158,2025-10-28,This is absolutely unacceptable. I've been charged twice and no one helps.,-0.5709,negative
717035283,2025-10-27,I was promised a resolution two weeks ago. Nothing. I'm leaving.,0.3612,neutral
717035283,2025-09-14,App keeps crashing and support doesn't respond. Extremely frustrated.,0.6901,neutral
708419733,2025-12-28,Hidden fees again. Done with this bank. Transferring everything out.,0.0,neutral
708419733,2025-08-14,App keeps crashing and support doesn't respond. Extremely frustrated.,0.6901,neutral
708419733,2025-05-03,App keeps crashing and support doesn't respond. Extremely frustrated.,0.6901,neutral
815504583,2025-05-08,Hidden fees again. Done with this bank. Transferring everything out.,0.0,neutral
815504583,2025-10-19,Hidden fees again. Done with this bank. Transferring everything out.,0.0,neutral
713021208,2025-09-02,Hidden fees again. Done with this bank. Transferring everything out.,0.0,neutral
708354858,2025-12-18,This is absolutely unacceptable. I've been charged twice and no one helps.,-0.5709,negative
708354858,2025-11-15,I was promised a resolution two weeks ago. Nothing. I'm leaving.,0.3612,neutral
708354858,2025-11-19,This is absolutely unacceptable. I've been charged twice and no one helps.,-0.5709,negative
711871758,2025-09-09,Hidden fees again. Done with this bank. Transferring everything out.,0.0,neutral
717793983,2025-01-28,Worst customer service I've ever experienced. Closing my account.,-0.6249,negative
717793983,2025-01-12,This is absolutely unacceptable. I've been charged twice and no one helps.,-0.5709,negative
719516208,2025-02-23,This is absolutely unacceptable. I've been charged twice and no one helps.,-0.5709,negative
719516208,2025-12-03,Worst customer service I've ever experienced. Closing my account.,-0.6249,negative
719516208,2025-04-03,Hidden fees again. Done with this bank. Transferring everything out.,0.0,neutral
709224033,2025-12-23,Hidden fees again. Done with this bank. Transferring everything out.,0.0,neutral
714237033,2025-09-12,App keeps crashing and support doesn't respond. Extremely frustrated.,0.6901,neutral
710333883,2025-10-28,This is absolutely unacceptable. I've been charged twice and no one helps.,-0.5709,negative
710333883,2025-05-26,This is absolutely unacceptable. I've been charged twice and no one helps.,-0.5709,negative
779905008,2025-07-23,Hidden fees again. Done with this bank. Transferring everything out.,0.0,neutral
721273008,2025-09-26,Worst customer service I've ever experienced. Closing my account.,-0.6249,negative
721273008,2025-06-15,App keeps crashing and support doesn't respond. Extremely frustrated.,0.6901,neutral
714620358,2025-02-22,App keeps crashing and support doesn't respond. Extremely frustrated.,0.6901,neutral
714620358,2025-05-15,Hidden fees again. Done with this bank. Transferring everything out.,0.0,neutral
714620358,2025-09-19,This is absolutely unacceptable. I've been charged twice and no one helps.,-0.5709,negative
710812533,2025-05-12,I was promised a resolution two weeks ago. Nothing. I'm leaving.,0.3612,neutral
710812533,2025-04-01,App keeps crashing and support doesn't respond. Extremely frustrated.,0.6901,neutral
787518258,2025-04-26,App keeps crashing and support doesn't respond. Extremely frustrated.,0.6901,neutral
718515483,2025-11-04,Hidden fees again. Done with this bank. Transferring everything out.,0.0,neutral
718515483,2025-05-19,App keeps crashing and support doesn't respond. Extremely frustrated.,0.6901,neutral
714471183,2025-06-10,Worst customer service I've ever experienced. Closing my account.,-0.6249,negative
714471183,2025-11-24,This is absolutely unacceptable. I've been charged twice and no one helps.,-0.5709,negative
714471183,2025-02-02,Hidden fees again. Done with this bank. Transferring everything out.,0.0,neutral
809849358,2025-01-04,Hidden fees again. Done with this bank. Transferring everything out.,0.0,neutral
709688883,2025-11-23,Hidden fees again. Done with this bank. Transferring everything out.,0.0,neutral
717592758,2025-10-22,Worst customer service I've ever experienced. Closing my account.,-0.6249,negative
717592758,2025-05-31,Worst customer service I've ever experienced. Closing my account.,-0.6249,negative
717592758,2025-03-02,This is absolutely unacceptable. I've been charged twice and no one helps.,-0.5709,negative
720962208,2025-05-02,This is absolutely unacceptable. I've been charged twice and no one helps.,-0.5709,negative
720962208,2025-10-11,Worst customer service I've ever experienced. Closing my account.,-0.6249,negative
720962208,2025-10-01,App keeps crashing and support doesn't respond. Extremely frustrated.,0.6901,neutral
716373483,2025-04-08,I was promised a resolution two weeks ago. Nothing. I'm leaving.,0.3612,neutral
791856033,2025-09-10,This is absolutely unacceptable. I've been charged twice and no one helps.,-0.5709,negative
791856033,2025-05-18,This is absolutely unacceptable. I've been charged twice and no one helps.,-0.5709,negative
791856033,2025-09-01,This is absolutely unacceptable. I've been charged twice and no one helps.,-0.5709,negative
717489033,2025-05-28,Hidden fees again. Done with this bank. Transferring everything out.,0.0,neutral
809559933,2025-05-09,App keeps crashing and support doesn't respond. Extremely frustrated.,0.6901,neutral
809559933,2025-12-11,Hidden fees again. Done with this bank. Transferring everything out.,0.0,neutral
713104458,2025-07-30,I was promised a resolution two weeks ago. Nothing. I'm leaving.,0.3612,neutral
714202008,2025-06-23,I was promised a resolution two weeks ago. Nothing. I'm leaving.,0.3612,neutral
714202008,2025-03-11,Worst customer service I've ever experienced. Closing my account.,-0.6249,negative
712531008,2025-01-28,Hidden fees again. Done with this bank. Transferring everything out.,0.0,neutral
712531008,2025-11-24,Hidden fees again. Done with this bank. Transferring everything out.,0.0,neutral
712531008,2025-03-05,Worst customer service I've ever experienced. Closing my account.,-0.6249,negative
714879483,2025-12-12,Hidden fees again. Done with this bank. Transferring everything out.,0.0,neutral
714879483,2025-02-26,This is absolutely unacceptable. I've been charged twice and no one helps.,-0.5709,negative
708229308,2025-12-01,App keeps crashing and support doesn't respond. Extremely frustrated.,0.6901,neutral
708229308,2025-03-24,App keeps crashing and support doesn't respond. Extremely frustrated.,0.6901,neutral
708229308,2025-09-23,I was promised a resolution two weeks ago. Nothing. I'm leaving.,0.3612,neutral
713722608,2025-02-01,I was promised a resolution two weeks ago. Nothing. I'm leaving.,0.3612,neutral
713722608,2025-12-03,App keeps crashing and support doesn't respond. Extremely frustrated.,0.6901,neutral
713722608,2025-05-28,Hidden fees again. Done with this bank. Transferring everything out.,0.0,neutral
714492783,2025-07-10,This is absolutely unacceptable. I've been charged twice and no one helps.,-0.5709,negative
811035483,2025-12-28,This is absolutely unacceptable. I've been charged twice and no one helps.,-0.5709,negative
811035483,2025-02-28,I was promised a resolution two weeks ago. Nothing. I'm leaving.,0.3612,neutral
714127383,2025-05-25,This is absolutely unacceptable. I've been charged twice and no one helps.,-0.5709,negative
779610033,2025-07-25,I was promised a resolution two weeks ago. Nothing. I'm leaving.,0.3612,neutral
779610033,2025-09-10,App keeps crashing and support doesn't respond. Extremely frustrated.,0.6901,neutral
779610033,2025-03-21,Hidden fees again. Done with this bank. Transferring everything out.,0.0,neutral
714514008,2025-11-12,I was promised a resolution two weeks ago. Nothing. I'm leaving.,0.3612,neutral
714514008,2025-11-05,Hidden fees again. Done with this bank. Transferring everything out.,0.0,neutral
714514008,2025-03-25,App keeps crashing and support doesn't respond. Extremely frustrated.,0.6901,neutral
712947333,2025-06-17,This is absolutely unacceptable. I've been charged twice and no one helps.,-0.5709,negative
715014633,2025-05-06,App keeps crashing and support doesn't respond. Extremely frustrated.,0.6901,neutral
715014633,2025-04-14,Hidden fees again. Done with this bank. Transferring everything out.,0.0,neutral
711232608,2025-05-11,Hidden fees again. Done with this bank. Transferring everything out.,0.0,neutral
709192233,2025-03-30,Worst customer service I've ever experienced. Closing my account.,-0.6249,negative
709192233,2025-01-06,Worst customer service I've ever experienced. Closing my account.,-0.6249,negative
815539233,2025-04-16,App keeps crashing and support doesn't respond. Extremely frustrated.,0.6901,neutral
815539233,2025-04-05,Worst customer service I've ever experienced. Closing my account.,-0.6249,negative
815539233,2025-11-13,Worst customer service I've ever experienced. Closing my account.,-0.6249,negative
802834158,2025-01-06,Hidden fees again. Done with this bank. Transferring everything out.,0.0,neutral
802834158,2025-08-29,Worst customer service I've ever experienced. Closing my account.,-0.6249,negative
712378983,2025-02-24,Worst customer service I've ever experienced. Closing my account.,-0.6249,negative
712378983,2025-10-23,Worst customer service I've ever experienced. Closing my account.,-0.6249,negative
709560258,2025-08-19,This is absolutely unacceptable. I've been charged twice and no one helps.,-0.5709,negative
719099583,2025-08-30,Worst customer service I've ever experienced. Closing my account.,-0.6249,negative
719099583,2025-02-03,I was promised a resolution two weeks ago. Nothing. I'm leaving.,0.3612,neutral
712925808,2025-04-29,App keeps crashing and support doesn't respond. Extremely frustrated.,0.6901,neutral
712925808,2025-11-03,This is absolutely unacceptable. I've been charged twice and no one helps.,-0.5709,negative
712925808,2025-02-21,Worst customer service I've ever experienced. Closing my account.,-0.6249,negative
772574283,2025-07-08,App keeps crashing and support doesn't respond. Extremely frustrated.,0.6901,neutral
772574283,2025-01-04,Hidden fees again. Done with this bank. Transferring everything out.,0.0,neutral
821724483,2025-04-08,This is absolutely unacceptable. I've been charged twice and no one helps.,-0.5709,negative
821724483,2025-03-28,App keeps crashing and support doesn't respond. Extremely frustrated.,0.6901,neutral
711323283,2025-06-06,I was promised a resolution two weeks ago. Nothing. I'm leaving.,0.3612,neutral
711323283,2025-04-20,App keeps crashing and support doesn't respond. Extremely frustrated.,0.6901,neutral
717502083,2025-06-26,Hidden fees again. Done with this bank. Transferring everything out.,0.0,neutral
717502083,2025-04-16,I was promised a resolution two weeks ago. Nothing. I'm leaving.,0.3612,neutral
719694408,2025-10-24,Hidden fees again. Done with this bank. Transferring everything out.,0.0,neutral
719694408,2025-06-11,I was promised a resolution two weeks ago. Nothing. I'm leaving.,0.3612,neutral
719118708,2025-07-01,Hidden fees again. Done with this bank. Transferring everything out.,0.0,neutral
719118708,2025-03-11,This is absolutely unacceptable. I've been charged twice and no one helps.,-0.5709,negative
719118708,2025-07-21,App keeps crashing and support doesn't respond. Extremely frustrated.,0.6901,neutral
718626033,2025-02-17,This is absolutely unacceptable. I've been charged twice and no one helps.,-0.5709,negative
711204483,2025-12-18,I was promised a resolution two weeks ago. Nothing. I'm leaving.,0.3612,neutral
711204483,2025-08-16,Hidden fees again. Done with this bank. Transferring everything out.,0.0,neutral
709961958,2025-10-13,I was promised a resolution two weeks ago. Nothing. I'm leaving.,0.3612,neutral
789942033,2025-05-25,This is absolutely unacceptable. I've been charged twice and no one helps.,-0.5709,negative
789942033,2025-11-26,Hidden fees again. Done with this bank. Transferring everything out.,0.0,neutral
789942033,2025-02-26,This is absolutely unacceptable. I've been charged twice and no one helps.,-0.5709,negative
718110858,2025-08-07,App keeps crashing and support doesn't respond. Extremely frustrated.,0.6901,neutral
718110858,2025-02-04,Hidden fees again. Done with this bank. Transferring everything out.,0.0,neutral
709297608,2025-04-02,This is absolutely unacceptable. I've been charged twice and no one helps.,-0.5709,negative
709297608,2025-04-13,Worst customer service I've ever experienced. Closing my account.,-0.6249,negative
718113633,2025-04-15,This is absolutely unacceptable. I've been charged twice and no one helps.,-0.5709,negative
715499058,2025-12-31,Hidden fees again. Done with this bank. Transferring everything out.,0.0,neutral
715499058,2025-04-08,This is absolutely unacceptable. I've been charged twice and no one helps.,-0.5709,negative
793712658,2025-12-19,I was promised a resolution two weeks ago. Nothing. I'm leaving.,0.3612,neutral
793712658,2025-10-17,This is absolutely unacceptable. I've been charged twice and no one helps.,-0.5709,negative
793712658,2025-03-01,This is absolutely unacceptable. I've been charged twice and no one helps.,-0.5709,negative
807593058,2025-02-22,I was promised a resolution two weeks ago. Nothing. I'm leaving.,0.3612,neutral
721417233,2025-12-04,I was promised a resolution two weeks ago. Nothing. I'm leaving.,0.3612,neutral
771963708,2025-04-27,Worst customer service I've ever experienced. Closing my account.,-0.6249,negative
755467683,2025-07-17,This is absolutely unacceptable. I've been charged twice and no one helps.,-0.5709,negative
709362033,2025-03-07,App keeps crashing and support doesn't respond. Extremely frustrated.,0.6901,neutral
709362033,2025-06-27,Hidden fees again. Done with this bank. Transferring everything out.,0.0,neutral
709222008,2025-08-23,I was promised a resolution two weeks ago. Nothing. I'm leaving.,0.3612,neutral
718404783,2025-03-22,This is absolutely unacceptable. I've been charged twice and no one helps.,-0.5709,negative
718404783,2025-12-25,This is absolutely unacceptable. I've been charged twice and no one helps.,-0.5709,negative
711613308,2025-07-09,Worst customer service I've ever experienced. Closing my account.,-0.6249,negative
711613308,2025-10-31,App keeps crashing and support doesn't respond. Extremely frustrated.,0.6901,neutral
711613308,2025-08-22,Worst customer service I've ever experienced. Closing my account.,-0.6249,negative
713826183,2025-12-06,Hidden fees again. Done with this bank. Transferring everything out.,0.0,neutral
713826183,2025-03-26,Worst customer service I've ever experienced. Closing my account.,-0.6249,negative
712196508,2025-07-21,Hidden fees again. Done with this bank. Transferring everything out.,0.0,neutral
712196508,2025-04-11,App keeps crashing and support doesn't respond. Extremely frustrated.,0.6901,neutral
712196508,2025-07-04,This is absolutely unacceptable. I've been charged twice and no one helps.,-0.5709,negative
718220358,2025-06-29,This is absolutely unacceptable. I've been charged twice and no one helps.,-0.5709,negative
718220358,2025-10-01,Hidden fees again. Done with this bank. Transferring everything out.,0.0,neutral
822132858,2025-04-21,Hidden fees again. Done with this bank. Transferring everything out.,0.0,neutral
822132858,2025-09-01,This is absolutely unacceptable. I've been charged twice and no one helps.,-0.5709,negative
822132858,2025-11-19,Hidden fees again. Done with this bank. Transferring everything out.,0.0,neutral
788941983,2025-08-30,Worst customer service I've ever experienced. Closing my account.,-0.6249,negative
788941983,2025-09-23,This is absolutely unacceptable. I've been charged twice and no one helps.,-0.5709,negative
772922883,2025-11-05,I was promised a resolution two weeks ago. Nothing. I'm leaving.,0.3612,neutral
772922883,2025-03-25,Worst customer service I've ever experienced. Closing my account.,-0.6249,negative
772922883,2025-04-10,I was promised a resolution two weeks ago. Nothing. I'm leaving.,0.3612,neutral
794554683,2025-03-14,Hidden fees again. Done with this bank. Transferring everything out.,0.0,neutral
789502308,2025-08-05,Worst customer service I've ever experienced. Closing my account.,-0.6249,negative
712664658,2025-03-28,This is absolutely unacceptable. I've been charged twice and no one helps.,-0.5709,negative
716893683,2025-07-31,Hidden fees again. Done with this bank. Transferring everything out.,0.0,neutral
714820158,2025-08-05,This is absolutely unacceptable. I've been charged twice and no one helps.,-0.5709,negative
714820158,2025-02-08,Hidden fees again. Done with this bank. Transferring everything out.,0.0,neutral
709850508,2025-03-29,I was promised a resolution two weeks ago. Nothing. I'm leaving.,0.3612,neutral
759584958,2025-09-17,I was promised a resolution two weeks ago. Nothing. I'm leaving.,0.3612,neutral
759584958,2025-02-20,Hidden fees again. Done with this bank. Transferring everything out.,0.0,neutral
759584958,2025-01-23,I was promised a resolution two weeks ago. Nothing. I'm leaving.,0.3612,neutral
808897683,2025-01-24,Worst customer service I've ever experienced. Closing my account.,-0.6249,negative
811475733,2025-07-08,Worst customer service I've ever experienced. Closing my account.,-0.6249,negative
793608258,2025-10-09,This is absolutely unacceptable. I've been charged twice and no one helps.,-0.5709,negative
793608258,2025-02-17,App keeps crashing and support doesn't respond. Extremely frustrated.,0.6901,neutral
793608258,2025-04-27,This is absolutely unacceptable. I've been charged twice and no one helps.,-0.5709,negative
708083283,2025-06-12,This is absolutely unacceptable. I've been charged twice and no one helps.,-0.5709,negative
714408933,2025-01-01,App keeps crashing and support doesn't respond. Extremely frustrated.,0.6901,neutral
714408933,2025-07-23,App keeps crashing and support doesn't respond. Extremely frustrated.,0.6901,neutral
710455608,2025-10-01,App keeps crashing and support doesn't respond. Extremely frustrated.,0.6901,neutral
710455608,2025-10-25,Hidden fees again. Done with this bank. Transferring everything out.,0.0,neutral
809626983,2025-08-22,I was promised a resolution two weeks ago. Nothing. I'm leaving.,0.3612,neutral
714479358,2025-04-08,Hidden fees again. Done with this bank. Transferring everything out.,0.0,neutral
714479358,2025-11-14,I was promised a resolution two weeks ago. Nothing. I'm leaving.,0.3612,neutral
714479358,2025-05-08,Hidden fees again. Done with this bank. Transferring everything out.,0.0,neutral
713011683,2025-11-18,App keeps crashing and support doesn't respond. Extremely frustrated.,0.6901,neutral
713011683,2025-03-26,Worst customer service I've ever experienced. Closing my account.,-0.6249,negative
719740008,2025-07-05,I was promised a resolution two weeks ago. Nothing. I'm leaving.,0.3612,neutral
716307558,2025-12-26,Worst customer service I've ever experienced. Closing my account.,-0.6249,negative
716307558,2025-04-03,I was promised a resolution two weeks ago. Nothing. I'm leaving.,0.3612,neutral
716307558,2025-04-21,App keeps crashing and support doesn't respond. Extremely frustrated.,0.6901,neutral
720085233,2025-06-16,App keeps crashing and support doesn't respond. Extremely frustrated.,0.6901,neutral
712136058,2025-06-20,This is absolutely unacceptable. I've been charged twice and no one helps.,-0.5709,negative
712136058,2025-03-11,I was promised a resolution two weeks ago. Nothing. I'm leaving.,0.3612,neutral
712136058,2025-03-16,I was promised a resolution two weeks ago. Nothing. I'm leaving.,0.3612,neutral
713857758,2025-05-20,I was promised a resolution two weeks ago. Nothing. I'm leaving.,0.3612,neutral
713857758,2025-07-30,I was promised a resolution two weeks ago. Nothing. I'm leaving.,0.3612,neutral
712998033,2025-02-03,I was promised a resolution two weeks ago. Nothing. I'm leaving.,0.3612,neutral
712998033,2025-05-06,App keeps crashing and support doesn't respond. Extremely frustrated.,0.6901,neutral
712075083,2025-08-05,App keeps crashing and support doesn't respond. Extremely frustrated.,0.6901,neutral
712075083,2025-02-09,Hidden fees again. Done with this bank. Transferring everything out.,0.0,neutral
798481383,2025-03-24,I was promised a resolution two weeks ago. Nothing. I'm leaving.,0.3612,neutral
798481383,2025-12-10,App keeps crashing and support doesn't respond. Extremely frustrated.,0.6901,neutral
780143283,2025-11-02,Worst customer service I've ever experienced. Closing my account.,-0.6249,negative
780143283,2025-02-07,This is absolutely unacceptable. I've been charged twice and no one helps.,-0.5709,negative
715830558,2025-10-03,Hidden fees again. Done with this bank. Transferring everything out.,0.0,neutral
715830558,2025-01-28,Hidden fees again. Done with this bank. Transferring everything out.,0.0,neutral
713333433,2025-09-13,I was promised a resolution two weeks ago. Nothing. I'm leaving.,0.3612,neutral
717748608,2025-10-01,App keeps crashing and support doesn't respond. Extremely frustrated.,0.6901,neutral
802243458,2025-09-06,Worst customer service I've ever experienced. Closing my account.,-0.6249,negative
802243458,2025-09-23,Hidden fees again. Done with this bank. Transferring everything out.,0.0,neutral
802243458,2025-01-07,I was promised a resolution two weeks ago. Nothing. I'm leaving.,0.3612,neutral
711919608,2025-12-21,Worst customer service I've ever experienced. Closing my account.,-0.6249,negative
710570058,2025-10-12,App keeps crashing and support doesn't respond. Extremely frustrated.,0.6901,neutral
714630858,2025-05-07,Hidden fees again. Done with this bank. Transferring everything out.,0.0,neutral
714630858,2025-10-07,App keeps crashing and support doesn't respond. Extremely frustrated.,0.6901,neutral
709865883,2025-01-12,This is absolutely unacceptable. I've been charged twice and no one helps.,-0.5709,negative
709865883,2025-02-04,I was promised a resolution two weeks ago. Nothing. I'm leaving.,0.3612,neutral
709865883,2025-08-28,Hidden fees again. Done with this bank. Transferring everything out.,0.0,neutral
714197133,2025-09-26,I was promised a resolution two weeks ago. Nothing. I'm leaving.,0.3612,neutral
714197133,2025-03-01,App keeps crashing and support doesn't respond. Extremely frustrated.,0.6901,neutral
714197133,2025-06-14,This is absolutely unacceptable. I've been charged twice and no one helps.,-0.5709,negative
718333983,2025-07-15,This is absolutely unacceptable. I've been charged twice and no one helps.,-0.5709,negative
714006333,2025-06-27,App keeps crashing and support doesn't respond. Extremely frustrated.,0.6901,neutral
809616108,2025-10-18,Worst customer service I've ever experienced. Closing my account.,-0.6249,negative
719847108,2025-01-13,This is absolutely unacceptable. I've been charged twice and no one helps.,-0.5709,negative
719847108,2025-04-22,Worst customer service I've ever experienced. Closing my account.,-0.6249,negative
719847108,2025-12-06,I was promised a resolution two weeks ago. Nothing. I'm leaving.,0.3612,neutral
772162683,2025-10-19,This is absolutely unacceptable. I've been charged twice and no one helps.,-0.5709,negative
772162683,2025-02-24,This is absolutely unacceptable. I've been charged twice and no one helps.,-0.5709,negative
772162683,2025-08-02,I was promised a resolution two weeks ago. Nothing. I'm leaving.,0.3612,neutral
712450008,2025-07-12,I was promised a resolution two weeks ago. Nothing. I'm leaving.,0.3612,neutral
778720533,2025-04-12,This is absolutely unacceptable. I've been charged twice and no one helps.,-0.5709,negative
778720533,2025-04-29,Worst customer service I've ever experienced. Closing my account.,-0.6249,negative
720742083,2025-02-22,Worst customer service I've ever experienced. Closing my account.,-0.6249,negative
720742083,2025-12-06,I was promised a resolution two weeks ago. Nothing. I'm leaving.,0.3612,neutral
778860783,2025-02-19,App keeps crashing and support doesn't respond. Extremely frustrated.,0.6901,neutral
778860783,2025-04-13,App keeps crashing and support doesn't respond. Extremely frustrated.,0.6901,neutral
778860783,2025-04-05,App keeps crashing and support doesn't respond. Extremely frustrated.,0.6901,neutral
806947308,2025-05-03,App keeps crashing and support doesn't respond. Extremely frustrated.,0.6901,neutral
814840833,2025-10-07,This is absolutely unacceptable. I've been charged twice and no one helps.,-0.5709,negative
814840833,2025-02-11,App keeps crashing and support doesn't respond. Extremely frustrated.,0.6901,neutral
814840833,2025-09-28,I was promised a resolution two weeks ago. Nothing. I'm leaving.,0.3612,neutral
708684108,2025-07-12,Hidden fees again. Done with this bank. Transferring everything out.,0.0,neutral
708684108,2025-01-30,This is absolutely unacceptable. I've been charged twice and no one helps.,-0.5709,negative
721032633,2025-02-01,I was promised a resolution two weeks ago. Nothing. I'm leaving.,0.3612,neutral
721032633,2025-12-10,I was promised a resolution two weeks ago. Nothing. I'm leaving.,0.3612,neutral
716099958,2025-05-17,This is absolutely unacceptable. I've been charged twice and no one helps.,-0.5709,negative
716099958,2025-07-17,I was promised a resolution two weeks ago. Nothing. I'm leaving.,0.3612,neutral
716099958,2025-05-10,App keeps crashing and support doesn't respond. Extremely frustrated.,0.6901,neutral
710438358,2025-01-03,Worst customer service I've ever experienced. Closing my account.,-0.6249,negative
715154058,2025-12-03,App keeps crashing and support doesn't respond. Extremely frustrated.,0.6901,neutral
715154058,2025-02-12,Hidden fees again. Done with this bank. Transferring everything out.,0.0,neutral
715154058,2025-04-17,I was promised a resolution two weeks ago. Nothing. I'm leaving.,0.3612,neutral
789777408,2025-05-21,This is absolutely unacceptable. I've been charged twice and no one helps.,-0.5709,negative
789777408,2025-01-25,App keeps crashing and support doesn't respond. Extremely frustrated.,0.6901,neutral
789777408,2025-05-16,This is absolutely unacceptable. I've been charged twice and no one helps.,-0.5709,negative
712677633,2025-01-12,Hidden fees again. Done with this bank. Transferring everything out.,0.0,neutral
712677633,2025-04-10,Hidden fees again. Done with this bank. Transferring everything out.,0.0,neutral
712677633,2025-12-14,This is absolutely unacceptable. I've been charged twice and no one helps.,-0.5709,negative
789684258,2025-02-22,I was promised a resolution two weeks ago. Nothing. I'm leaving.,0.3612,neutral
789684258,2025-11-06,Hidden fees again. Done with this bank. Transferring everything out.,0.0,neutral
712597233,2025-09-07,Worst customer service I've ever experienced. Closing my account.,-0.6249,negative
712597233,2025-05-06,Hidden fees again. Done with this bank. Transferring everything out.,0.0,neutral
714272658,2025-12-09,This is absolutely unacceptable. I've been charged twice and no one helps.,-0.5709,negative
714272658,2025-07-05,I was promised a resolution two weeks ago. Nothing. I'm leaving.,0.3612,neutral
714272658,2025-03-12,App keeps crashing and support doesn't respond. Extremely frustrated.,0.6901,neutral
721460283,2025-12-24,Hidden fees again. Done with this bank. Transferring everything out.,0.0,neutral
721460283,2025-12-26,I was promised a resolution two weeks ago. Nothing. I'm leaving.,0.3612,neutral
812449758,2025-03-11,I was promised a resolution two weeks ago. Nothing. I'm leaving.,0.3612,neutral
772466508,2025-05-28,App keeps crashing and support doesn't respond. Extremely frustrated.,0.6901,neutral
711819708,2025-07-31,App keeps crashing and support doesn't respond. Extremely frustrated.,0.6901,neutral
708976908,2025-01-10,I was promised a resolution two weeks ago. Nothing. I'm leaving.,0.3612,neutral
708976908,2025-12-08,Worst customer service I've ever experienced. Closing my account.,-0.6249,negative
708976908,2025-05-24,Worst customer service I've ever experienced. Closing my account.,-0.6249,negative
714164808,2025-02-14,I was promised a resolution two weeks ago. Nothing. I'm leaving.,0.3612,neutral
714164808,2025-08-15,Worst customer service I've ever experienced. Closing my account.,-0.6249,negative
714164808,2025-06-05,I was promised a resolution two weeks ago. Nothing. I'm leaving.,0.3612,neutral
715671183,2025-09-01,Hidden fees again. Done with this bank. Transferring everything out.,0.0,neutral
814483608,2025-09-30,Worst customer service I've ever experienced. Closing my account.,-0.6249,negative
814483608,2025-11-28,Hidden fees again. Done with this bank. Transferring everything out.,0.0,neutral
814483608,2025-07-21,I was promised a resolution two weeks ago. Nothing. I'm leaving.,0.3612,neutral
711334983,2025-10-30,Hidden fees again. Done with this bank. Transferring everything out.,0.0,neutral
709714008,2025-10-30,Worst customer service I've ever experienced. Closing my account.,-0.6249,negative
709714008,2025-11-10,App keeps crashing and support doesn't respond. Extremely frustrated.,0.6901,neutral
709714008,2025-02-08,Worst customer service I've ever experienced. Closing my account.,-0.6249,negative
779216358,2025-11-24,App keeps crashing and support doesn't respond. Extremely frustrated.,0.6901,neutral
779216358,2025-07-30,I was promised a resolution two weeks ago. Nothing. I'm leaving.,0.3612,neutral
711237633,2025-09-19,This is absolutely unacceptable. I've been charged twice and no one helps.,-0.5709,negative
711237633,2025-08-28,App keeps crashing and support doesn't respond. Extremely frustrated.,0.6901,neutral
716717733,2025-05-31,App keeps crashing and support doesn't respond. Extremely frustrated.,0.6901,neutral
708563433,2025-02-18,App keeps crashing and support doesn't respond. Extremely frustrated.,0.6901,neutral
709319658,2025-02-17,App keeps crashing and support doesn't respond. Extremely frustrated.,0.6901,neutral
709319658,2025-01-27,App keeps crashing and support doesn't respond. Extremely frustrated.,0.6901,neutral
709319658,2025-05-04,Hidden fees again. Done with this bank. Transferring everything out.,0.0,neutral
708152358,2025-09-18,I was promised a resolution two weeks ago. Nothing. I'm leaving.,0.3612,neutral
708152358,2025-04-23,I was promised a resolution two weeks ago. Nothing. I'm leaving.,0.3612,neutral
708152358,2025-02-25,This is absolutely unacceptable. I've been charged twice and no one helps.,-0.5709,negative
767404083,2025-07-09,App keeps crashing and support doesn't respond. Extremely frustrated.,0.6901,neutral
767404083,2025-09-04,Worst customer service I've ever experienced. Closing my account.,-0.6249,negative
767404083,2025-01-27,Hidden fees again. Done with this bank. Transferring everything out.,0.0,neutral
720427683,2025-02-15,I was promised a resolution two weeks ago. Nothing. I'm leaving.,0.3612,neutral
720427683,2025-06-22,I was promised a resolution two weeks ago. Nothing. I'm leaving.,0.3612,neutral
716721483,2025-03-23,I was promised a resolution two weeks ago. Nothing. I'm leaving.,0.3612,neutral
716721483,2025-08-05,Hidden fees again. Done with this bank. Transferring everything out.,0.0,neutral
713229633,2025-12-25,Hidden fees again. Done with this bank. Transferring everything out.,0.0,neutral
713229633,2025-01-13,Worst customer service I've ever experienced. Closing my account.,-0.6249,negative
716855058,2025-08-22,I was promised a resolution two weeks ago. Nothing. I'm leaving.,0.3612,neutral
716855058,2025-09-16,App keeps crashing and support doesn't respond. Extremely frustrated.,0.6901,neutral
713639058,2025-11-05,This is absolutely unacceptable. I've been charged twice and no one helps.,-0.5709,negative
713639058,2025-11-16,App keeps crashing and support doesn't respond. Extremely frustrated.,0.6901,neutral
713639058,2025-05-21,Hidden fees again. Done with this bank. Transferring everything out.,0.0,neutral
778506633,2025-09-29,I was promised a resolution two weeks ago. Nothing. I'm leaving.,0.3612,neutral
708804633,2025-10-30,I was promised a resolution two weeks ago. Nothing. I'm leaving.,0.3612,neutral
708804633,2025-08-08,Worst customer service I've ever experienced. Closing my account.,-0.6249,negative
708804633,2025-04-05,Hidden fees again. Done with this bank. Transferring everything out.,0.0,neutral
714945708,2025-05-15,Worst customer service I've ever experienced. Closing my account.,-0.6249,negative
714945708,2025-02-20,I was promised a resolution two weeks ago. Nothing. I'm leaving.,0.3612,neutral
720401658,2025-02-20,I was promised a resolution two weeks ago. Nothing. I'm leaving.,0.3612,neutral
720401658,2025-06-07,App keeps crashing and support doesn't respond. Extremely frustrated.,0.6901,neutral
787460883,2025-09-22,This is absolutely unacceptable. I've been charged twice and no one helps.,-0.5709,negative
787460883,2025-03-24,Worst customer service I've ever experienced. Closing my account.,-0.6249,negative
787460883,2025-03-31,App keeps crashing and support doesn't respond. Extremely frustrated.,0.6901,neutral
708369633,2025-01-07,I was promised a resolution two weeks ago. Nothing. I'm leaving.,0.3612,neutral
708369633,2025-11-26,App keeps crashing and support doesn't respond. Extremely frustrated.,0.6901,neutral
708369633,2025-09-04,Worst customer service I've ever experienced. Closing my account.,-0.6249,negative
717429258,2025-07-15,I was promised a resolution two weeks ago. Nothing. I'm leaving.,0.3612,neutral
717429258,2025-03-28,Hidden fees again. Done with this bank. Transferring everything out.,0.0,neutral
720243933,2025-10-02,I was promised a resolution two weeks ago. Nothing. I'm leaving.,0.3612,neutral
720243933,2025-03-05,App keeps crashing and support doesn't respond. Extremely frustrated.,0.6901,neutral
720243933,2025-03-05,I was promised a resolution two weeks ago. Nothing. I'm leaving.,0.3612,neutral
721243083,2025-12-21,This is absolutely unacceptable. I've been charged twice and no one helps.,-0.5709,negative
711551958,2025-10-11,I was promised a resolution two weeks ago. Nothing. I'm leaving.,0.3612,neutral
715547058,2025-07-14,This is absolutely unacceptable. I've been charged twice and no one helps.,-0.5709,negative
826421958,2025-04-13,This is absolutely unacceptable. I've been charged twice and no one helps.,-0.5709,negative
826421958,2025-02-26,Worst customer service I've ever experienced. Closing my account.,-0.6249,negative
826421958,2025-09-11,Hidden fees again. Done with this bank. Transferring everything out.,0.0,neutral
710785383,2025-02-21,Worst customer service I've ever experienced. Closing my account.,-0.6249,negative
710785383,2025-08-17,App keeps crashing and support doesn't respond. Extremely frustrated.,0.6901,neutral
715162608,2025-08-10,Hidden fees again. Done with this bank. Transferring everything out.,0.0,neutral
715162608,2025-08-24,Worst customer service I've ever experienced. Closing my account.,-0.6249,negative
715162608,2025-11-06,Worst customer service I've ever experienced. Closing my account.,-0.6249,negative
812247033,2025-05-30,Hidden fees again. Done with this bank. Transferring everything out.,0.0,neutral
720711483,2025-02-07,App keeps crashing and support doesn't respond. Extremely frustrated.,0.6901,neutral
720711483,2025-09-12,Hidden fees again. Done with this bank. Transferring everything out.,0.0,neutral
720711483,2025-09-08,This is absolutely unacceptable. I've been charged twice and no one helps.,-0.5709,negative
787482033,2025-01-29,This is absolutely unacceptable. I've been charged twice and no one helps.,-0.5709,negative
787482033,2025-08-13,Worst customer service I've ever experienced. Closing my account.,-0.6249,negative
787482033,2025-03-29,This is absolutely unacceptable. I've been charged twice and no one helps.,-0.5709,negative
716654808,2025-10-28,This is absolutely unacceptable. I've been charged twice and no one helps.,-0.5709,negative
716654808,2025-08-06,Hidden fees again. Done with this bank. Transferring everything out.,0.0,neutral
712747758,2025-10-29,This is absolutely unacceptable. I've been charged twice and no one helps.,-0.5709,negative
712747758,2025-01-11,I was promised a resolution two weeks ago. Nothing. I'm leaving.,0.3612,neutral
712747758,2025-06-03,Hidden fees again. Done with this bank. Transferring everything out.,0.0,neutral
720049083,2025-07-15,Hidden fees again. Done with this bank. Transferring everything out.,0.0,neutral
720049083,2025-12-11,Hidden fees again. Done with this bank. Transferring everything out.,0.0,neutral
720049083,2025-02-05,Hidden fees again. Done with this bank. Transferring everything out.,0.0,neutral
808747233,2025-08-25,Hidden fees again. Done with this bank. Transferring everything out.,0.0,neutral
757291008,2025-04-29,I was promised a resolution two weeks ago. Nothing. I'm leaving.,0.3612,neutral
757291008,2025-08-14,This is absolutely unacceptable. I've been charged twice and no one helps.,-0.5709,negative
718197108,2025-07-03,I was promised a resolution two weeks ago. Nothing. I'm leaving.,0.3612,neutral
718197108,2025-03-14,Worst customer service I've ever experienced. Closing my account.,-0.6249,negative
718197108,2025-09-10,Worst customer service I've ever experienced. Closing my account.,-0.6249,negative
798022683,2025-05-31,App keeps crashing and support doesn't respond. Extremely frustrated.,0.6901,neutral
798022683,2025-06-22,This is absolutely unacceptable. I've been charged twice and no one helps.,-0.5709,negative
710481333,2025-05-31,Hidden fees again. Done with this bank. Transferring everything out.,0.0,neutral
710481333,2025-04-12,This is absolutely unacceptable. I've been charged twice and no one helps.,-0.5709,negative
714684933,2025-11-04,Hidden fees again. Done with this bank. Transferring everything out.,0.0,neutral
714684933,2025-01-02,Worst customer service I've ever experienced. Closing my account.,-0.6249,negative
778433283,2025-11-13,Worst customer service I've ever experienced. Closing my account.,-0.6249,negative
778433283,2025-03-23,App keeps crashing and support doesn't respond. Extremely frustrated.,0.6901,neutral
778433283,2025-09-20,App keeps crashing and support doesn't respond. Extremely frustrated.,0.6901,neutral
709566408,2025-02-17,Worst customer service I've ever experienced. Closing my account.,-0.6249,negative
720150858,2025-02-13,Hidden fees again. Done with this bank. Transferring everything out.,0.0,neutral
720150858,2025-08-09,App keeps crashing and support doesn't respond. Extremely frustrated.,0.6901,neutral
778643733,2025-04-16,Hidden fees again. Done with this bank. Transferring everything out.,0.0,neutral
715020933,2025-11-24,Worst customer service I've ever experienced. Closing my account.,-0.6249,negative
715020933,2025-06-07,Worst customer service I've ever experienced. Closing my account.,-0.6249,negative
715020933,2025-11-19,Worst customer service I've ever experienced. Closing my account.,-0.6249,negative
711242058,2025-02-09,Worst customer service I've ever experienced. Closing my account.,-0.6249,negative
712900308,2025-01-19,I was promised a resolution two weeks ago. Nothing. I'm leaving.,0.3612,neutral
781794708,2025-05-14,Worst customer service I've ever experienced. Closing my account.,-0.6249,negative
781794708,2025-01-30,I was promised a resolution two weeks ago. Nothing. I'm leaving.,0.3612,neutral
781794708,2025-12-16,Hidden fees again. Done with this bank. Transferring everything out.,0.0,neutral
712240083,2025-07-01,Hidden fees again. Done with this bank. Transferring everything out.,0.0,neutral
712240083,2025-10-10,I was promised a resolution two weeks ago. Nothing. I'm leaving.,0.3612,neutral
713047608,2025-11-04,This is absolutely unacceptable. I've been charged twice and no one helps.,-0.5709,negative
713047608,2025-02-17,App keeps crashing and support doesn't respond. Extremely frustrated.,0.6901,neutral
713047608,2025-11-15,App keeps crashing and support doesn't respond. Extremely frustrated.,0.6901,neutral
772532208,2025-03-04,App keeps crashing and support doesn't respond. Extremely frustrated.,0.6901,neutral
772532208,2025-09-06,Hidden fees again. Done with this bank. Transferring everything out.,0.0,neutral
771284658,2025-10-28,App keeps crashing and support doesn't respond. Extremely frustrated.,0.6901,neutral
771284658,2025-06-14,This is absolutely unacceptable. I've been charged twice and no one helps.,-0.5709,negative
771284658,2025-02-16,Hidden fees again. Done with this bank. Transferring everything out.,0.0,neutral
718362783,2025-04-29,I was promised a resolution two weeks ago. Nothing. I'm leaving.,0.3612,neutral
718362783,2025-10-28,I was promised a resolution two weeks ago. Nothing. I'm leaving.,0.3612,neutral
712795833,2025-08-24,Worst customer service I've ever experienced. Closing my account.,-0.6249,negative
712795833,2025-01-23,I was promised a resolution two weeks ago. Nothing. I'm leaving.,0.3612,neutral
712795833,2025-04-13,App keeps crashing and support doesn't respond. Extremely frustrated.,0.6901,neutral
779844408,2025-10-04,App keeps crashing and support doesn't respond. Extremely frustrated.,0.6901,neutral
778601733,2025-09-29,App keeps crashing and support doesn't respond. Extremely frustrated.,0.6901,neutral
778601733,2025-06-07,App keeps crashing and support doesn't respond. Extremely frustrated.,0.6901,neutral
778601733,2025-11-07,Worst customer service I've ever experienced. Closing my account.,-0.6249,negative
711100608,2025-12-20,I was promised a resolution two weeks ago. Nothing. I'm leaving.,0.3612,neutral
715016508,2025-05-26,This is absolutely unacceptable. I've been charged twice and no one helps.,-0.5709,negative
715016508,2025-01-09,I was promised a resolution two weeks ago. Nothing. I'm leaving.,0.3612,neutral
715016508,2025-01-10,This is absolutely unacceptable. I've been charged twice and no one helps.,-0.5709,negative
713114133,2025-07-14,I was promised a resolution two weeks ago. Nothing. I'm leaving.,0.3612,neutral
713114133,2025-09-28,App keeps crashing and support doesn't respond. Extremely frustrated.,0.6901,neutral
717202083,2025-02-04,Hidden fees again. Done with this bank. Transferring everything out.,0.0,neutral
717202083,2025-02-01,App keeps crashing and support doesn't respond. Extremely frustrated.,0.6901,neutral
717202083,2025-01-18,Hidden fees again. Done with this bank. Transferring everything out.,0.0,neutral
718913358,2025-02-27,Worst customer service I've ever experienced. Closing my account.,-0.6249,negative
718913358,2025-03-07,Hidden fees again. Done with this bank. Transferring everything out.,0.0,neutral
718913358,2025-10-03,App keeps crashing and support doesn't respond. Extremely frustrated.,0.6901,neutral
713823033,2025-12-19,Hidden fees again. Done with this bank. Transferring everything out.,0.0,neutral
713823033,2025-04-10,This is absolutely unacceptable. I've been charged twice and no one helps.,-0.5709,negative
719981508,2025-05-20,This is absolutely unacceptable. I've been charged twice and no one helps.,-0.5709,negative
719981508,2025-05-17,Worst customer service I've ever experienced. Closing my account.,-0.6249,negative
717368208,2025-02-25,This is absolutely unacceptable. I've been charged twice and no one helps.,-0.5709,negative
717368208,2025-04-10,I was promised a resolution two weeks ago. Nothing. I'm leaving.,0.3612,neutral
708412758,2025-12-19,I was promised a resolution two weeks ago. Nothing. I'm leaving.,0.3612,neutral
812979408,2025-03-07,Worst customer service I've ever experienced. Closing my account.,-0.6249,negative
708885558,2025-03-20,This is absolutely unacceptable. I've been charged twice and no one helps.,-0.5709,negative
708885558,2025-07-30,I was promised a resolution two weeks ago. Nothing. I'm leaving.,0.3612,neutral
770024733,2025-08-06,I was promised a resolution two weeks ago. Nothing. I'm leaving.,0.3612,neutral
719816583,2025-07-30,App keeps crashing and support doesn't respond. Extremely frustrated.,0.6901,neutral
719816583,2025-04-23,I was promised a resolution two weeks ago. Nothing. I'm leaving.,0.3612,neutral
719816583,2025-08-14,I was promised a resolution two weeks ago. Nothing. I'm leaving.,0.3612,neutral
708385533,2025-04-13,This is absolutely unacceptable. I've been charged twice and no one helps.,-0.5709,negative
708385533,2025-02-14,I was promised a resolution two weeks ago. Nothing. I'm leaving.,0.3612,neutral
716317458,2025-09-25,Hidden fees again. Done with this bank. Transferring everything out.,0.0,neutral
716317458,2025-12-07,This is absolutely unacceptable. I've been charged twice and no one helps.,-0.5709,negative
781320783,2025-12-01,This is absolutely unacceptable. I've been charged twice and no one helps.,-0.5709,negative
781320783,2025-04-25,This is absolutely unacceptable. I've been charged twice and no one helps.,-0.5709,negative
714894708,2025-09-06,App keeps crashing and support doesn't respond. Extremely frustrated.,0.6901,neutral
794965233,2025-05-04,Hidden fees again. Done with this bank. Transferring everything out.,0.0,neutral
714915633,2025-12-25,Hidden fees again. Done with this bank. Transferring everything out.,0.0,neutral
714915633,2025-12-15,Worst customer service I've ever experienced. Closing my account.,-0.6249,negative
714915633,2025-08-24,This is absolutely unacceptable. I've been charged twice and no one helps.,-0.5709,negative
756025233,2025-10-29,This is absolutely unacceptable. I've been charged twice and no one helps.,-0.5709,negative
716609433,2025-09-07,Hidden fees again. Done with this bank. Transferring everything out.,0.0,neutral
716609433,2025-11-30,App keeps crashing and support doesn't respond. Extremely frustrated.,0.6901,neutral
716643033,2025-09-09,Hidden fees again. Done with this bank. Transferring everything out.,0.0,neutral
771045708,2025-01-10,Worst customer service I've ever experienced. Closing my account.,-0.6249,negative
771045708,2025-10-07,This is absolutely unacceptable. I've been charged twice and no one helps.,-0.5709,negative
771045708,2025-12-21,This is absolutely unacceptable. I've been charged twice and no one helps.,-0.5709,negative
713730933,2025-08-02,I was promised a resolution two weeks ago. Nothing. I'm leaving.,0.3612,neutral
713730933,2025-01-30,I was promised a resolution two weeks ago. Nothing. I'm leaving.,0.3612,neutral
716950758,2025-04-29,Hidden fees again. Done with this bank. Transferring everything out.,0.0,neutral
716387733,2025-02-25,This is absolutely unacceptable. I've been charged twice and no one helps.,-0.5709,negative
716387733,2025-11-11,This is absolutely unacceptable. I've been charged twice and no one helps.,-0.5709,negative
716387733,2025-07-10,Hidden fees again. Done with this bank. Transferring everything out.,0.0,neutral
714941358,2025-12-08,I was promised a resolution two weeks ago. Nothing. I'm leaving.,0.3612,neutral
710064033,2025-12-18,Worst customer service I've ever experienced. Closing my account.,-0.6249,negative
710064033,2025-06-18,I was promised a resolution two weeks ago. Nothing. I'm leaving.,0.3612,neutral
710064033,2025-10-08,This is absolutely unacceptable. I've been charged twice and no one helps.,-0.5709,negative
827451333,2025-07-14,Hidden fees again. Done with this bank. Transferring everything out.,0.0,neutral
827451333,2025-06-29,Worst customer service I've ever experienced. Closing my account.,-0.6249,negative
716448783,2025-06-20,App keeps crashing and support doesn't respond. Extremely frustrated.,0.6901,neutral
716448783,2025-12-12,I was promised a resolution two weeks ago. Nothing. I'm leaving.,0.3612,neutral
716448783,2025-04-07,I was promised a resolution two weeks ago. Nothing. I'm leaving.,0.3612,neutral
710081208,2025-08-28,I was promised a resolution two weeks ago. Nothing. I'm leaving.,0.3612,neutral
710081208,2025-08-18,This is absolutely unacceptable. I've been charged twice and no one helps.,-0.5709,negative
710081208,2025-12-14,Worst customer service I've ever experienced. Closing my account.,-0.6249,negative
718524783,2025-11-27,I was promised a resolution two weeks ago. Nothing. I'm leaving.,0.3612,neutral
718524783,2025-11-27,Worst customer service I've ever experienced. Closing my account.,-0.6249,negative
718524783,2025-06-30,Worst customer service I've ever experienced. Closing my account.,-0.6249,negative
715371108,2025-09-20,Worst customer service I've ever experienced. Closing my account.,-0.6249,negative
715371108,2025-09-17,App keeps crashing and support doesn't respond. Extremely frustrated.,0.6901,neutral
716053083,2025-10-10,I was promised a resolution two weeks ago. Nothing. I'm leaving.,0.3612,neutral
716053083,2025-04-05,I was promised a resolution two weeks ago. Nothing. I'm leaving.,0.3612,neutral
716053083,2025-02-24,I was promised a resolution two weeks ago. Nothing. I'm leaving.,0.3612,neutral
714923583,2025-04-03,App keeps crashing and support doesn't respond. Extremely frustrated.,0.6901,neutral
714923583,2025-09-07,I was promised a resolution two weeks ago. Nothing. I'm leaving.,0.3612,neutral
720991833,2025-04-21,Hidden fees again. Done with this bank. Transferring everything out.,0.0,neutral
720991833,2025-07-12,This is absolutely unacceptable. I've been charged twice and no one helps.,-0.5709,negative
720991833,2025-12-22,This is absolutely unacceptable. I've been charged twice and no one helps.,-0.5709,negative
716124408,2025-05-13,App keeps crashing and support doesn't respond. Extremely frustrated.,0.6901,neutral
779247483,2025-08-15,App keeps crashing and support doesn't respond. Extremely frustrated.,0.6901,neutral
719874633,2025-01-12,I was promised a resolution two weeks ago. Nothing. I'm leaving.,0.3612,neutral
709785783,2025-08-12,App keeps crashing and support doesn't respond. Extremely frustrated.,0.6901,neutral
709785783,2025-04-29,App keeps crashing and support doesn't respond. Extremely frustrated.,0.6901,neutral
709785783,2025-09-21,Worst customer service I've ever experienced. Closing my account.,-0.6249,negative
721104708,2025-04-29,I was promised a resolution two weeks ago. Nothing. I'm leaving.,0.3612,neutral
721104708,2025-11-14,App keeps crashing and support doesn't respond. Extremely frustrated.,0.6901,neutral
789013833,2025-10-10,Worst customer service I've ever experienced. Closing my account.,-0.6249,negative
789013833,2025-12-12,Hidden fees again. Done with this bank. Transferring everything out.,0.0,neutral
789013833,2025-03-19,App keeps crashing and support doesn't respond. Extremely frustrated.,0.6901,neutral
718675158,2025-01-31,I was promised a resolution two weeks ago. Nothing. I'm leaving.,0.3612,neutral
718675158,2025-07-24,I was promised a resolution two weeks ago. Nothing. I'm leaving.,0.3612,neutral
718675158,2025-09-15,Worst customer service I've ever experienced. Closing my account.,-0.6249,negative
709307808,2025-09-06,Hidden fees again. Done with this bank. Transferring everything out.,0.0,neutral
720654183,2025-12-28,App keeps crashing and support doesn't respond. Extremely frustrated.,0.6901,neutral
720654183,2025-11-30,Worst customer service I've ever experienced. Closing my account.,-0.6249,negative
720654183,2025-09-17,Hidden fees again. Done with this bank. Transferring everything out.,0.0,neutral
714294183,2025-08-14,I was promised a resolution two weeks ago. Nothing. I'm leaving.,0.3612,neutral
714294183,2025-07-05,I was promised a resolution two weeks ago. Nothing. I'm leaving.,0.3612,neutral
714294183,2025-10-26,App keeps crashing and support doesn't respond. Extremely frustrated.,0.6901,neutral
765459858,2025-05-25,Hidden fees again. Done with this bank. Transferring everything out.,0.0,neutral
765459858,2025-07-18,Worst customer service I've ever experienced. Closing my account.,-0.6249,negative
798041508,2025-12-28,This is absolutely unacceptable. I've been charged twice and no one helps.,-0.5709,negative
713474733,2025-05-13,I was promised a resolution two weeks ago. Nothing. I'm leaving.,0.3612,neutral
713474733,2025-09-21,Worst customer service I've ever experienced. Closing my account.,-0.6249,negative
713474733,2025-05-06,This is absolutely unacceptable. I've been charged twice and no one helps.,-0.5709,negative
712445583,2025-09-17,I was promised a resolution two weeks ago. Nothing. I'm leaving.,0.3612,neutral
718263108,2025-01-08,App keeps crashing and support doesn't respond. Extremely frustrated.,0.6901,neutral
718263108,2025-05-19,App keeps crashing and support doesn't respond. Extremely frustrated.,0.6901,neutral
718263108,2025-08-05,I was promised a resolution two weeks ago. Nothing. I'm leaving.,0.3612,neutral
716510658,2025-03-02,App keeps crashing and support doesn't respond. Extremely frustrated.,0.6901,neutral
716510658,2025-06-01,App keeps crashing and support doesn't respond. Extremely frustrated.,0.6901,neutral
708139833,2025-02-05,Hidden fees again. Done with this bank. Transferring everything out.,0.0,neutral
714684108,2025-06-07,Hidden fees again. Done with this bank. Transferring everything out.,0.0,neutral
714684108,2025-11-21,App keeps crashing and support doesn't respond. Extremely frustrated.,0.6901,neutral
714684108,2025-05-02,I was promised a resolution two weeks ago. Nothing. I'm leaving.,0.3612,neutral
789365508,2025-06-30,Hidden fees again. Done with this bank. Transferring everything out.,0.0,neutral
789365508,2025-04-21,Hidden fees again. Done with this bank. Transferring everything out.,0.0,neutral
708642708,2025-01-31,I was promised a resolution two weeks ago. Nothing. I'm leaving.,0.3612,neutral
708642708,2025-07-06,Hidden fees again. Done with this bank. Transferring everything out.,0.0,neutral
708642708,2025-02-19,App keeps crashing and support doesn't respond. Extremely frustrated.,0.6901,neutral
789312033,2025-02-07,This is absolutely unacceptable. I've been charged twice and no one helps.,-0.5709,negative
789312033,2025-11-21,App keeps crashing and support doesn't respond. Extremely frustrated.,0.6901,neutral
712691883,2025-01-23,Hidden fees again. Done with this bank. Transferring everything out.,0.0,neutral
710211783,2025-03-15,This is absolutely unacceptable. I've been charged twice and no one helps.,-0.5709,negative
710211783,2025-06-05,App keeps crashing and support doesn't respond. Extremely frustrated.,0.6901,neutral
710211783,2025-10-21,This is absolutely unacceptable. I've been charged twice and no one helps.,-0.5709,negative
712715208,2025-01-26,App keeps crashing and support doesn't respond. Extremely frustrated.,0.6901,neutral
712715208,2025-06-14,Worst customer service I've ever experienced. Closing my account.,-0.6249,negative
712715208,2025-11-26,I was promised a resolution two weeks ago. Nothing. I'm leaving.,0.3612,neutral
714077583,2025-01-25,I was promised a resolution two weeks ago. Nothing. I'm leaving.,0.3612,neutral
714077583,2025-05-04,Hidden fees again. Done with this bank. Transferring everything out.,0.0,neutral
714077583,2025-12-22,This is absolutely unacceptable. I've been charged twice and no one helps.,-0.5709,negative
714406158,2025-08-14,I was promised a resolution two weeks ago. Nothing. I'm leaving.,0.3612,neutral
714406158,2025-07-11,Hidden fees again. Done with this bank. Transferring everything out.,0.0,neutral
714406158,2025-02-17,I was promised a resolution two weeks ago. Nothing. I'm leaving.,0.3612,neutral
714276408,2025-02-07,App keeps crashing and support doesn't respond. Extremely frustrated.,0.6901,neutral
714276408,2025-10-01,App keeps crashing and support doesn't respond. Extremely frustrated.,0.6901,neutral
718673358,2025-04-09,Hidden fees again. Done with this bank. Transferring everything out.,0.0,neutral
718673358,2025-06-13,This is absolutely unacceptable. I've been charged twice and no one helps.,-0.5709,negative
718673358,2025-04-30,Hidden fees again. Done with this bank. Transferring everything out.,0.0,neutral
708158133,2025-05-09,Hidden fees again. Done with this bank. Transferring everything out.,0.0,neutral
708158133,2025-01-18,I was promised a resolution two weeks ago. Nothing. I'm leaving.,0.3612,neutral
708158133,2025-06-17,Worst customer service I've ever experienced. Closing my account.,-0.6249,negative
714058308,2025-06-22,Worst customer service I've ever experienced. Closing my account.,-0.6249,negative
714058308,2025-05-07,Worst customer service I've ever experienced. Closing my account.,-0.6249,negative
714058308,2025-03-08,I was promised a resolution two weeks ago. Nothing. I'm leaving.,0.3612,neutral
711161133,2025-09-17,I was promised a resolution two weeks ago. Nothing. I'm leaving.,0.3612,neutral
711161133,2025-06-03,Hidden fees again. Done with this bank. Transferring everything out.,0.0,neutral
778819083,2025-05-24,This is absolutely unacceptable. I've been charged twice and no one helps.,-0.5709,negative
778819083,2025-01-28,This is absolutely unacceptable. I've been charged twice and no one helps.,-0.5709,negative
713314533,2025-08-12,App keeps crashing and support doesn't respond. Extremely frustrated.,0.6901,neutral
713314533,2025-08-10,App keeps crashing and support doesn't respond. Extremely frustrated.,0.6901,neutral
710729358,2025-07-12,This is absolutely unacceptable. I've been charged twice and no one helps.,-0.5709,negative
710729358,2025-02-24,Worst customer service I've ever experienced. Closing my account.,-0.6249,negative
710729358,2025-02-11,App keeps crashing and support doesn't respond. Extremely frustrated.,0.6901,neutral
709536483,2025-08-25,This is absolutely unacceptable. I've been charged twice and no one helps.,-0.5709,negative
709536483,2025-10-08,Worst customer service I've ever experienced. Closing my account.,-0.6249,negative
709536483,2025-12-22,Hidden fees again. Done with this bank. Transferring everything out.,0.0,neutral
778606308,2025-03-17,Worst customer service I've ever experienced. Closing my account.,-0.6249,negative
778606308,2025-09-07,App keeps crashing and support doesn't respond. Extremely frustrated.,0.6901,neutral
778606308,2025-08-23,I was promised a resolution two weeks ago. Nothing. I'm leaving.,0.3612,neutral
718342158,2025-04-08,I was promised a resolution two weeks ago. Nothing. I'm leaving.,0.3612,neutral
718342158,2025-08-29,Hidden fees again. Done with this bank. Transferring everything out.,0.0,neutral
718342158,2025-08-24,I was promised a resolution two weeks ago. Nothing. I'm leaving.,0.3612,neutral
718558758,2025-05-07,I was promised a resolution two weeks ago. Nothing. I'm leaving.,0.3612,neutral
721406658,2025-07-05,Hidden fees again. Done with this bank. Transferring everything out.,0.0,neutral
711432258,2025-12-17,Worst customer service I've ever experienced. Closing my account.,-0.6249,negative
711432258,2025-03-13,I was promised a resolution two weeks ago. Nothing. I'm leaving.,0.3612,neutral
711432258,2025-12-16,This is absolutely unacceptable. I've been charged twice and no one helps.,-0.5709,negative
720044658,2025-05-22,App keeps crashing and support doesn't respond. Extremely frustrated.,0.6901,neutral
714319233,2025-03-13,I was promised a resolution two weeks ago. Nothing. I'm leaving.,0.3612,neutral
714319233,2025-06-13,This is absolutely unacceptable. I've been charged twice and no one helps.,-0.5709,negative
714319233,2025-04-22,I was promised a resolution two weeks ago. Nothing. I'm leaving.,0.3612,neutral
711156858,2025-07-27,App keeps crashing and support doesn't respond. Extremely frustrated.,0.6901,neutral
711156858,2025-09-21,App keeps crashing and support doesn't respond. Extremely frustrated.,0.6901,neutral
711079308,2025-04-29,Hidden fees again. Done with this bank. Transferring everything out.,0.0,neutral
711079308,2025-05-05,App keeps crashing and support doesn't respond. Extremely frustrated.,0.6901,neutral
711079308,2025-05-15,I was promised a resolution two weeks ago. Nothing. I'm leaving.,0.3612,neutral
715773783,2025-03-17,I was promised a resolution two weeks ago. Nothing. I'm leaving.,0.3612,neutral
715773783,2025-02-18,Hidden fees again. Done with this bank. Transferring everything out.,0.0,neutral
715773783,2025-10-13,App keeps crashing and support doesn't respond. Extremely frustrated.,0.6901,neutral
796083783,2025-07-31,Worst customer service I've ever experienced. Closing my account.,-0.6249,negative
796083783,2025-12-23,Worst customer service I've ever experienced. Closing my account.,-0.6249,negative
796083783,2025-01-28,Worst customer service I've ever experienced. Closing my account.,-0.6249,negative
780289308,2025-04-30,Worst customer service I've ever experienced. Closing my account.,-0.6249,negative
780289308,2025-06-01,Hidden fees again. Done with this bank. Transferring everything out.,0.0,neutral
780289308,2025-04-03,Worst customer service I've ever experienced. Closing my account.,-0.6249,negative
720529308,2025-08-01,Hidden fees again. Done with this bank. Transferring everything out.,0.0,neutral
720529308,2025-03-24,Hidden fees again. Done with this bank. Transferring everything out.,0.0,neutral
816850458,2025-06-02,I was promised a resolution two weeks ago. Nothing. I'm leaving.,0.3612,neutral
713003358,2025-11-08,App keeps crashing and support doesn't respond. Extremely frustrated.,0.6901,neutral
709608708,2025-10-23,Worst customer service I've ever experienced. Closing my account.,-0.6249,negative
709608708,2025-04-08,I was promised a resolution two weeks ago. Nothing. I'm leaving.,0.3612,neutral
709608708,2025-04-15,I was promised a resolution two weeks ago. Nothing. I'm leaving.,0.3612,neutral
720565458,2025-05-05,Hidden fees again. Done with this bank. Transferring everything out.,0.0,neutral
806914158,2025-11-01,Hidden fees again. Done with this bank. Transferring everything out.,0.0,neutral
806914158,2025-07-19,I was promised a resolution two weeks ago. Nothing. I'm leaving.,0.3612,neutral
716331408,2025-08-30,Worst customer service I've ever experienced. Closing my account.,-0.6249,negative
716331408,2025-04-27,I was promised a resolution two weeks ago. Nothing. I'm leaving.,0.3612,neutral
716331408,2025-09-22,Worst customer service I've ever experienced. Closing my account.,-0.6249,negative
709488108,2025-03-09,I was promised a resolution two weeks ago. Nothing. I'm leaving.,0.3612,neutral
709488108,2025-07-18,Hidden fees again. Done with this bank. Transferring everything out.,0.0,neutral
719868183,2025-05-04,App keeps crashing and support doesn't respond. Extremely frustrated.,0.6901,neutral
719868183,2025-04-10,I was promised a resolution two weeks ago. Nothing. I'm leaving.,0.3612,neutral
719868183,2025-08-07,App keeps crashing and support doesn't respond. Extremely frustrated.,0.6901,neutral
718352358,2025-03-26,Worst customer service I've ever experienced. Closing my account.,-0.6249,negative
718352358,2025-01-01,Worst customer service I've ever experienced. Closing my account.,-0.6249,negative
711593808,2025-07-30,App keeps crashing and support doesn't respond. Extremely frustrated.,0.6901,neutral
713422083,2025-06-16,I was promised a resolution two weeks ago. Nothing. I'm leaving.,0.3612,neutral
780384483,2025-05-04,Hidden fees again. Done with this bank. Transferring everything out.,0.0,neutral
780384483,2025-09-13,Worst customer service I've ever experienced. Closing my account.,-0.6249,negative
780384483,2025-01-11,This is absolutely unacceptable. I've been charged twice and no one helps.,-0.5709,negative
719564208,2025-08-06,Worst customer service I've ever experienced. Closing my account.,-0.6249,negative
815320383,2025-09-06,Worst customer service I've ever experienced. Closing my account.,-0.6249,negative
822170733,2025-08-27,App keeps crashing and support doesn't respond. Extremely frustrated.,0.6901,neutral
822170733,2025-03-10,App keeps crashing and support doesn't respond. Extremely frustrated.,0.6901,neutral
768256908,2025-10-30,Hidden fees again. Done with this bank. Transferring everything out.,0.0,neutral
768256908,2025-04-09,App keeps crashing and support doesn't respond. Extremely frustrated.,0.6901,neutral
717631908,2025-07-05,Worst customer service I've ever experienced. Closing my account.,-0.6249,negative
712656783,2025-02-09,I was promised a resolution two weeks ago. Nothing. I'm leaving.,0.3612,neutral
718458858,2025-10-04,Hidden fees again. Done with this bank. Transferring everything out.,0.0,neutral
718458858,2025-11-24,App keeps crashing and support doesn't respond. Extremely frustrated.,0.6901,neutral
718458858,2025-01-22,App keeps crashing and support doesn't respond. Extremely frustrated.,0.6901,neutral
713425383,2025-05-13,I was promised a resolution two weeks ago. Nothing. I'm leaving.,0.3612,neutral
713425383,2025-06-15,Hidden fees again. Done with this bank. Transferring everything out.,0.0,neutral
713425383,2025-09-02,Worst customer service I've ever experienced. Closing my account.,-0.6249,negative
712660308,2025-07-21,This is absolutely unacceptable. I've been charged twice and no one helps.,-0.5709,negative
712660308,2025-02-09,Hidden fees again. Done with this bank. Transferring everything out.,0.0,neutral
709803258,2025-04-29,I was promised a resolution two weeks ago. Nothing. I'm leaving.,0.3612,neutral
822955008,2025-01-27,I was promised a resolution two weeks ago. Nothing. I'm leaving.,0.3612,neutral
822955008,2025-12-29,I was promised a resolution two weeks ago. Nothing. I'm leaving.,0.3612,neutral
822955008,2025-08-30,I was promised a resolution two weeks ago. Nothing. I'm leaving.,0.3612,neutral
714726858,2025-06-21,Hidden fees again. Done with this bank. Transferring everything out.,0.0,neutral
714726858,2025-10-18,App keeps crashing and support doesn't respond. Extremely frustrated.,0.6901,neutral
714726858,2025-12-03,Worst customer service I've ever experienced. Closing my account.,-0.6249,negative
779859558,2025-01-19,This is absolutely unacceptable. I've been charged twice and no one helps.,-0.5709,negative
779859558,2025-03-27,App keeps crashing and support doesn't respond. Extremely frustrated.,0.6901,neutral
779859558,2025-06-28,I was promised a resolution two weeks ago. Nothing. I'm leaving.,0.3612,neutral
718958583,2025-12-16,App keeps crashing and support doesn't respond. Extremely frustrated.,0.6901,neutral
718958583,2025-10-11,App keeps crashing and support doesn't respond. Extremely frustrated.,0.6901,neutral
718958583,2025-06-29,Hidden fees again. Done with this bank. Transferring everything out.,0.0,neutral
720124758,2025-04-24,Worst customer service I've ever experienced. Closing my account.,-0.6249,negative
779134458,2025-02-02,Hidden fees again. Done with this bank. Transferring everything out.,0.0,neutral
720758808,2025-04-18,I was promised a resolution two weeks ago. Nothing. I'm leaving.,0.3612,neutral
720758808,2025-07-30,Hidden fees again. Done with this bank. Transferring everything out.,0.0,neutral
720758808,2025-09-09,Hidden fees again. Done with this bank. Transferring everything out.,0.0,neutral
713283933,2025-03-23,Worst customer service I've ever experienced. Closing my account.,-0.6249,negative
713283933,2025-02-05,I was promised a resolution two weeks ago. Nothing. I'm leaving.,0.3612,neutral
715319958,2025-04-10,I was promised a resolution two weeks ago. Nothing. I'm leaving.,0.3612,neutral
715319958,2025-08-19,Hidden fees again. Done with this bank. Transferring everything out.,0.0,neutral
715319958,2025-08-08,Worst customer service I've ever experienced. Closing my account.,-0.6249,negative
708708858,2025-05-14,This is absolutely unacceptable. I've been charged twice and no one helps.,-0.5709,negative
717308433,2025-03-13,This is absolutely unacceptable. I've been charged twice and no one helps.,-0.5709,negative
717308433,2025-01-21,Hidden fees again. Done with this bank. Transferring everything out.,0.0,neutral
717308433,2025-01-30,Hidden fees again. Done with this bank. Transferring everything out.,0.0,neutral
789412458,2025-02-15,Worst customer service I've ever experienced. Closing my account.,-0.6249,negative
789412458,2025-09-18,Worst customer service I've ever experienced. Closing my account.,-0.6249,negative
789412458,2025-08-25,App keeps crashing and support doesn't respond. Extremely frustrated.,0.6901,neutral
716991933,2025-03-15,This is absolutely unacceptable. I've been charged twice and no one helps.,-0.5709,negative
716991933,2025-07-13,Hidden fees again. Done with this bank. Transferring everything out.,0.0,neutral
709657533,2025-02-11,Hidden fees again. Done with this bank. Transferring everything out.,0.0,neutral
709657533,2025-07-27,App keeps crashing and support doesn't respond. Extremely frustrated.,0.6901,neutral
709657533,2025-07-06,This is absolutely unacceptable. I've been charged twice and no one helps.,-0.5709,negative
810875958,2025-03-13,I was promised a resolution two weeks ago. Nothing. I'm leaving.,0.3612,neutral
810875958,2025-09-21,This is absolutely unacceptable. I've been charged twice and no one helps.,-0.5709,negative
717571683,2025-10-25,Hidden fees again. Done with this bank. Transferring everything out.,0.0,neutral
717571683,2025-12-19,I was promised a resolution two weeks ago. Nothing. I'm leaving.,0.3612,neutral
711588708,2025-01-23,App keeps crashing and support doesn't respond. Extremely frustrated.,0.6901,neutral
711588708,2025-02-17,Worst customer service I've ever experienced. Closing my account.,-0.6249,negative
711588708,2025-11-28,App keeps crashing and support doesn't respond. Extremely frustrated.,0.6901,neutral
712120608,2025-06-08,App keeps crashing and support doesn't respond. Extremely frustrated.,0.6901,neutral
712120608,2025-12-16,I was promised a resolution two weeks ago. Nothing. I'm leaving.,0.3612,neutral
712120608,2025-05-30,App keeps crashing and support doesn't respond. Extremely frustrated.,0.6901,neutral
813804783,2025-05-17,Worst customer service I've ever experienced. Closing my account.,-0.6249,negative
813804783,2025-10-26,Worst customer service I've ever experienced. Closing my account.,-0.6249,negative
813804783,2025-01-16,I was promised a resolution two weeks ago. Nothing. I'm leaving.,0.3612,neutral
788943333,2025-11-24,App keeps crashing and support doesn't respond. Extremely frustrated.,0.6901,neutral
788943333,2025-10-29,Hidden fees again. Done with this bank. Transferring everything out.,0.0,neutral
788943333,2025-03-29,I was promised a resolution two weeks ago. Nothing. I'm leaving.,0.3612,neutral
715649358,2025-06-23,Worst customer service I've ever experienced. Closing my account.,-0.6249,negative
715649358,2025-05-16,Worst customer service I've ever experienced. Closing my account.,-0.6249,negative
715649358,2025-03-27,This is absolutely unacceptable. I've been charged twice and no one helps.,-0.5709,negative
771561183,2025-08-15,This is absolutely unacceptable. I've been charged twice and no one helps.,-0.5709,negative
771561183,2025-09-12,App keeps crashing and support doesn't respond. Extremely frustrated.,0.6901,neutral
771561183,2025-03-28,Worst customer service I've ever experienced. Closing my account.,-0.6249,negative
711096633,2025-08-31,Worst customer service I've ever experienced. Closing my account.,-0.6249,negative
711096633,2025-04-25,Worst customer service I've ever experienced. Closing my account.,-0.6249,negative
714962658,2025-03-12,I was promised a resolution two weeks ago. Nothing. I'm leaving.,0.3612,neutral
714192933,2025-07-12,Hidden fees again. Done with this bank. Transferring everything out.,0.0,neutral
717461283,2025-10-01,I was promised a resolution two weeks ago. Nothing. I'm leaving.,0.3612,neutral
717461283,2025-10-26,App keeps crashing and support doesn't respond. Extremely frustrated.,0.6901,neutral
708276183,2025-08-29,I was promised a resolution two weeks ago. Nothing. I'm leaving.,0.3612,neutral
789095958,2025-08-11,This is absolutely unacceptable. I've been charged twice and no one helps.,-0.5709,negative
789095958,2025-07-03,Hidden fees again. Done with this bank. Transferring everything out.,0.0,neutral
789095958,2025-01-10,I was promised a resolution two weeks ago. Nothing. I'm leaving.,0.3612,neutral
768624258,2025-10-01,Worst customer service I've ever experienced. Closing my account.,-0.6249,negative
768624258,2025-03-01,This is absolutely unacceptable. I've been charged twice and no one helps.,-0.5709,negative
768624258,2025-10-13,App keeps crashing and support doesn't respond. Extremely frustrated.,0.6901,neutral
779841483,2025-07-25,Worst customer service I've ever experienced. Closing my account.,-0.6249,negative
779841483,2025-06-07,Worst customer service I've ever experienced. Closing my account.,-0.6249,negative
779841483,2025-08-15,This is absolutely unacceptable. I've been charged twice and no one helps.,-0.5709,negative
712916958,2025-10-04,Hidden fees again. Done with this bank. Transferring everything out.,0.0,neutral
712916958,2025-01-14,I was promised a resolution two weeks ago. Nothing. I'm leaving.,0.3612,neutral
708223383,2025-01-19,App keeps crashing and support doesn't respond. Extremely frustrated.,0.6901,neutral
719176308,2025-12-15,App keeps crashing and support doesn't respond. Extremely frustrated.,0.6901,neutral
719176308,2025-10-10,Hidden fees again. Done with this bank. Transferring everything out.,0.0,neutral
708084558,2025-12-26,Hidden fees again. Done with this bank. Transferring everything out.,0.0,neutral
708084558,2025-05-15,This is absolutely unacceptable. I've been charged twice and no one helps.,-0.5709,negative
712267983,2025-09-23,I was promised a resolution two weeks ago. Nothing. I'm leaving.,0.3612,neutral
712267983,2025-06-02,Hidden fees again. Done with this bank. Transferring everything out.,0.0,neutral
716644008,2025-11-08,App keeps crashing and support doesn't respond. Extremely frustrated.,0.6901,neutral
716697708,2025-01-10,This is absolutely unacceptable. I've been charged twice and no one helps.,-0.5709,negative
716697708,2025-04-11,Hidden fees again. Done with this bank. Transferring everything out.,0.0,neutral
712110333,2025-04-17,Hidden fees again. Done with this bank. Transferring everything out.,0.0,neutral
717646983,2025-10-11,App keeps crashing and support doesn't respond. Extremely frustrated.,0.6901,neutral
778364583,2025-02-08,App keeps crashing and support doesn't respond. Extremely frustrated.,0.6901,neutral
710751033,2025-09-11,Hidden fees again. Done with this bank. Transferring everything out.,0.0,neutral
710751033,2025-12-16,Worst customer service I've ever experienced. Closing my account.,-0.6249,negative
716922633,2025-11-07,Worst customer service I've ever experienced. Closing my account.,-0.6249,negative
711167808,2025-01-20,Worst customer service I've ever experienced. Closing my account.,-0.6249,negative
711167808,2025-03-28,Worst customer service I've ever experienced. Closing my account.,-0.6249,negative
755996583,2025-11-02,App keeps crashing and support doesn't respond. Extremely frustrated.,0.6901,neutral
755996583,2025-08-02,This is absolutely unacceptable. I've been charged twice and no one helps.,-0.5709,negative
755996583,2025-03-10,Hidden fees again. Done with this bank. Transferring everything out.,0.0,neutral
708606633,2025-07-09,I was promised a resolution two weeks ago. Nothing. I'm leaving.,0.3612,neutral
712446783,2025-07-22,App keeps crashing and support doesn't respond. Extremely frustrated.,0.6901,neutral
712434708,2025-02-16,This is absolutely unacceptable. I've been charged twice and no one helps.,-0.5709,negative
712434708,2025-04-28,I was promised a resolution two weeks ago. Nothing. I'm leaving.,0.3612,neutral
712767858,2025-11-25,Hidden fees again. Done with this bank. Transferring everything out.,0.0,neutral
708654933,2025-09-23,I was promised a resolution two weeks ago. Nothing. I'm leaving.,0.3612,neutral
708654933,2025-01-16,Worst customer service I've ever experienced. Closing my account.,-0.6249,negative
716306583,2025-12-15,Hidden fees again. Done with this bank. Transferring everything out.,0.0,neutral
716306583,2025-01-18,App keeps crashing and support doesn't respond. Extremely frustrated.,0.6901,neutral
708788583,2025-05-12,I was promised a resolution two weeks ago. Nothing. I'm leaving.,0.3612,neutral
708788583,2025-06-10,This is absolutely unacceptable. I've been charged twice and no one helps.,-0.5709,negative
797150733,2025-03-21,Hidden fees again. Done with this bank. Transferring everything out.,0.0,neutral
797150733,2025-02-05,Hidden fees again. Done with this bank. Transferring everything out.,0.0,neutral
803115258,2025-06-01,This is absolutely unacceptable. I've been charged twice and no one helps.,-0.5709,negative
803115258,2025-04-01,Worst customer service I've ever experienced. Closing my account.,-0.6249,negative
803115258,2025-11-22,Worst customer service I've ever experienced. Closing my account.,-0.6249,negative
715150983,2025-01-30,Worst customer service I've ever experienced. Closing my account.,-0.6249,negative
715150983,2025-02-27,Worst customer service I've ever experienced. Closing my account.,-0.6249,negative
708963258,2025-01-10,This is absolutely unacceptable. I've been charged twice and no one helps.,-0.5709,negative
708963258,2025-07-07,This is absolutely unacceptable. I've been charged twice and no one helps.,-0.5709,negative
721041483,2025-11-23,I was promised a resolution two weeks ago. Nothing. I'm leaving.,0.3612,neutral
780038058,2025-11-15,This is absolutely unacceptable. I've been charged twice and no one helps.,-0.5709,negative
780038058,2025-02-17,This is absolutely unacceptable. I've been charged twice and no one helps.,-0.5709,negative
780038058,2025-05-13,Worst customer service I've ever experienced. Closing my account.,-0.6249,negative
710292333,2025-05-17,Hidden fees again. Done with this bank. Transferring everything out.,0.0,neutral
710292333,2025-08-01,App keeps crashing and support doesn't respond. Extremely frustrated.,0.6901,neutral
710292333,2025-10-29,I was promised a resolution two weeks ago. Nothing. I'm leaving.,0.3612,neutral
716354883,2025-05-18,Hidden fees again. Done with this bank. Transferring everything out.,0.0,neutral
716354883,2025-05-05,I was promised a resolution two weeks ago. Nothing. I'm leaving.,0.3612,neutral
711846183,2025-07-27,This is absolutely unacceptable. I've been charged twice and no one helps.,-0.5709,negative
711846183,2025-09-21,I was promised a resolution two weeks ago. Nothing. I'm leaving.,0.3612,neutral
711846183,2025-01-11,Worst customer service I've ever experienced. Closing my account.,-0.6249,negative
711927108,2025-04-15,App keeps crashing and support doesn't respond. Extremely frustrated.,0.6901,neutral
787452333,2025-04-14,This is absolutely unacceptable. I've been charged twice and no one helps.,-0.5709,negative
787452333,2025-11-12,I was promised a resolution two weeks ago. Nothing. I'm leaving.,0.3612,neutral
789432033,2025-08-02,Hidden fees again. Done with this bank. Transferring everything out.,0.0,neutral
714751158,2025-03-08,Hidden fees again. Done with this bank. Transferring everything out.,0.0,neutral
714751158,2025-06-05,I was promised a resolution two weeks ago. Nothing. I'm leaving.,0.3612,neutral
789713208,2025-10-27,Worst customer service I've ever experienced. Closing my account.,-0.6249,negative
789713208,2025-01-21,This is absolutely unacceptable. I've been charged twice and no one helps.,-0.5709,negative
716404383,2025-08-27,This is absolutely unacceptable. I've been charged twice and no one helps.,-0.5709,negative
716404383,2025-03-10,This is absolutely unacceptable. I've been charged twice and no one helps.,-0.5709,negative
716404383,2025-01-22,I was promised a resolution two weeks ago. Nothing. I'm leaving.,0.3612,neutral
717390408,2025-01-02,Hidden fees again. Done with this bank. Transferring everything out.,0.0,neutral
717390408,2025-02-14,Worst customer service I've ever experienced. Closing my account.,-0.6249,negative
720598308,2025-04-29,I was promised a resolution two weeks ago. Nothing. I'm leaving.,0.3612,neutral
720598308,2025-11-25,I was promised a resolution two weeks ago. Nothing. I'm leaving.,0.3612,neutral
794977533,2025-07-19,App keeps crashing and support doesn't respond. Extremely frustrated.,0.6901,neutral
794977533,2025-11-19,This is absolutely unacceptable. I've been charged twice and no one helps.,-0.5709,negative
794977533,2025-03-21,Hidden fees again. Done with this bank. Transferring everything out.,0.0,neutral
709520058,2025-08-29,Hidden fees again. Done with this bank. Transferring everything out.,0.0,neutral
709520058,2025-06-18,Hidden fees again. Done with this bank. Transferring everything out.,0.0,neutral
708323208,2025-12-24,App keeps crashing and support doesn't respond. Extremely frustrated.,0.6901,neutral
720275358,2025-02-24,App keeps crashing and support doesn't respond. Extremely frustrated.,0.6901,neutral
709495833,2025-11-11,Worst customer service I've ever experienced. Closing my account.,-0.6249,negative
709495833,2025-08-01,I was promised a resolution two weeks ago. Nothing. I'm leaving.,0.3612,neutral
718252533,2025-10-07,Worst customer service I've ever experienced. Closing my account.,-0.6249,negative
718252533,2025-10-06,App keeps crashing and support doesn't respond. Extremely frustrated.,0.6901,neutral
803800533,2025-05-28,Hidden fees again. Done with this bank. Transferring everything out.,0.0,neutral
712941483,2025-02-13,Hidden fees again. Done with this bank. Transferring everything out.,0.0,neutral
738627708,2025-08-13,Worst customer service I've ever experienced. Closing my account.,-0.6249,negative
738627708,2025-04-16,I was promised a resolution two weeks ago. Nothing. I'm leaving.,0.3612,neutral
738627708,2025-04-09,Worst customer service I've ever experienced. Closing my account.,-0.6249,negative
739594758,2025-09-25,This is absolutely unacceptable. I've been charged twice and no one helps.,-0.5709,negative
739594758,2025-01-22,I was promised a resolution two weeks ago. Nothing. I'm leaving.,0.3612,neutral
787747308,2025-12-26,App keeps crashing and support doesn't respond. Extremely frustrated.,0.6901,neutral
787747308,2025-06-18,Worst customer service I've ever experienced. Closing my account.,-0.6249,negative
787747308,2025-10-09,I was promised a resolution two weeks ago. Nothing. I'm leaving.,0.3612,neutral
713025558,2025-04-26,This is absolutely unacceptable. I've been charged twice and no one helps.,-0.5709,negative
713025558,2025-11-11,Worst customer service I've ever experienced. Closing my account.,-0.6249,negative
720181758,2025-09-07,This is absolutely unacceptable. I've been charged twice and no one helps.,-0.5709,negative
720181758,2025-05-19,App keeps crashing and support doesn't respond. Extremely frustrated.,0.6901,neutral
714372333,2025-04-14,This is absolutely unacceptable. I've been charged twice and no one helps.,-0.5709,negative
714372333,2025-12-17,Worst customer service I've ever experienced. Closing my account.,-0.6249,negative
708681708,2025-11-26,App keeps crashing and support doesn't respond. Extremely frustrated.,0.6901,neutral
708681708,2025-11-12,Worst customer service I've ever experienced. Closing my account.,-0.6249,negative
708681708,2025-05-13,I was promised a resolution two weeks ago. Nothing. I'm leaving.,0.3612,neutral
820276908,2025-03-14,Hidden fees again. Done with this bank. Transferring everything out.,0.0,neutral
820276908,2025-02-13,This is absolutely unacceptable. I've been charged twice and no one helps.,-0.5709,negative
819634233,2025-11-08,Hidden fees again. Done with this bank. Transferring everything out.,0.0,neutral
819634233,2025-10-14,I was promised a resolution two weeks ago. Nothing. I'm leaving.,0.3612,neutral
710299608,2025-06-16,I was promised a resolution two weeks ago. Nothing. I'm leaving.,0.3612,neutral
710533233,2025-08-22,I was promised a resolution two weeks ago. Nothing. I'm leaving.,0.3612,neutral
710533233,2025-07-17,Worst customer service I've ever experienced. Closing my account.,-0.6249,negative
710533233,2025-08-28,Hidden fees again. Done with this bank. Transferring everything out.,0.0,neutral
713242383,2025-10-20,This is absolutely unacceptable. I've been charged twice and no one helps.,-0.5709,negative
713242383,2025-02-13,Worst customer service I've ever experienced. Closing my account.,-0.6249,negative
713242383,2025-01-29,I was promised a resolution two weeks ago. Nothing. I'm leaving.,0.3612,neutral
771776808,2025-05-19,I was promised a resolution two weeks ago. Nothing. I'm leaving.,0.3612,neutral
771776808,2025-10-29,Hidden fees again. Done with this bank. Transferring everything out.,0.0,neutral
771776808,2025-04-02,Worst customer service I've ever experienced. Closing my account.,-0.6249,negative
803113383,2025-05-26,This is absolutely unacceptable. I've been charged twice and no one helps.,-0.5709,negative
803113383,2025-08-20,I was promised a resolution two weeks ago. Nothing. I'm leaving.,0.3612,neutral
715222533,2025-05-04,This is absolutely unacceptable. I've been charged twice and no one helps.,-0.5709,negative
716056158,2025-11-15,App keeps crashing and support doesn't respond. Extremely frustrated.,0.6901,neutral
716056158,2025-06-01,This is absolutely unacceptable. I've been charged twice and no one helps.,-0.5709,negative
716056158,2025-05-10,I was promised a resolution two weeks ago. Nothing. I'm leaving.,0.3612,neutral
720460083,2025-09-28,App keeps crashing and support doesn't respond. Extremely frustrated.,0.6901,neutral
714871683,2025-11-26,Hidden fees again. Done with this bank. Transferring everything out.,0.0,neutral
712369308,2025-02-03,Hidden fees again. Done with this bank. Transferring everything out.,0.0,neutral
712369308,2025-06-18,App keeps crashing and support doesn't respond. Extremely frustrated.,0.6901,neutral
709413933,2025-04-29,This is absolutely unacceptable. I've been charged twice and no one helps.,-0.5709,negative
718711158,2025-01-20,Hidden fees again. Done with this bank. Transferring everything out.,0.0,neutral
711468708,2025-07-31,App keeps crashing and support doesn't respond. Extremely frustrated.,0.6901,neutral
711468708,2025-09-03,This is absolutely unacceptable. I've been charged twice and no one helps.,-0.5709,negative
712734933,2025-10-22,I was promised a resolution two weeks ago. Nothing. I'm leaving.,0.3612,neutral
821149008,2025-12-22,This is absolutely unacceptable. I've been charged twice and no one helps.,-0.5709,negative
823615983,2025-06-04,Hidden fees again. Done with this bank. Transferring everything out.,0.0,neutral
823615983,2025-08-26,I was promised a resolution two weeks ago. Nothing. I'm leaving.,0.3612,neutral
716694108,2025-07-19,Hidden fees again. Done with this bank. Transferring everything out.,0.0,neutral
716694108,2025-12-09,This is absolutely unacceptable. I've been charged twice and no one helps.,-0.5709,negative
789241308,2025-03-02,App keeps crashing and support doesn't respond. Extremely frustrated.,0.6901,neutral
789241308,2025-10-14,This is absolutely unacceptable. I've been charged twice and no one helps.,-0.5709,negative
789241308,2025-08-19,This is absolutely unacceptable. I've been charged twice and no one helps.,-0.5709,negative
787505133,2025-10-09,Hidden fees again. Done with this bank. Transferring everything out.,0.0,neutral
787505133,2025-09-12,This is absolutely unacceptable. I've been charged twice and no one helps.,-0.5709,negative
714377058,2025-11-10,App keeps crashing and support doesn't respond. Extremely frustrated.,0.6901,neutral
714377058,2025-10-04,App keeps crashing and support doesn't respond. Extremely frustrated.,0.6901,neutral
714377058,2025-08-20,Worst customer service I've ever experienced. Closing my account.,-0.6249,negative
720592533,2025-09-28,I was promised a resolution two weeks ago. Nothing. I'm leaving.,0.3612,neutral
720592533,2025-10-04,I was promised a resolution two weeks ago. Nothing. I'm leaving.,0.3612,neutral
720592533,2025-04-26,App keeps crashing and support doesn't respond. Extremely frustrated.,0.6901,neutral
718304583,2025-12-29,I was promised a resolution two weeks ago. Nothing. I'm leaving.,0.3612,neutral
718304583,2025-01-21,Worst customer service I've ever experienced. Closing my account.,-0.6249,negative
718304583,2025-05-08,App keeps crashing and support doesn't respond. Extremely frustrated.,0.6901,neutral
787463508,2025-08-19,Worst customer service I've ever experienced. Closing my account.,-0.6249,negative
812406183,2025-08-09,App keeps crashing and support doesn't respond. Extremely frustrated.,0.6901,neutral
812406183,2025-11-23,I was promised a resolution two weeks ago. Nothing. I'm leaving.,0.3612,neutral
812406183,2025-04-24,App keeps crashing and support doesn't respond. Extremely frustrated.,0.6901,neutral
772127508,2025-06-04,Worst customer service I've ever experienced. Closing my account.,-0.6249,negative
712294083,2025-05-23,I was promised a resolution two weeks ago. Nothing. I'm leaving.,0.3612,neutral
712294083,2025-12-18,App keeps crashing and support doesn't respond. Extremely frustrated.,0.6901,neutral
712294083,2025-02-27,I was promised a resolution two weeks ago. Nothing. I'm leaving.,0.3612,neutral
713041683,2025-09-24,I was promised a resolution two weeks ago. Nothing. I'm leaving.,0.3612,neutral
713259858,2025-06-12,This is absolutely unacceptable. I've been charged twice and no one helps.,-0.5709,negative
713259858,2025-01-26,App keeps crashing and support doesn't respond. Extremely frustrated.,0.6901,neutral
708498033,2025-08-31,I was promised a resolution two weeks ago. Nothing. I'm leaving.,0.3612,neutral
712050933,2025-07-14,I was promised a resolution two weeks ago. Nothing. I'm leaving.,0.3612,neutral
712050933,2025-07-11,This is absolutely unacceptable. I've been charged twice and no one helps.,-0.5709,negative
712373208,2025-01-25,This is absolutely unacceptable. I've been charged twice and no one helps.,-0.5709,negative
770968383,2025-12-30,Hidden fees again. Done with this bank. Transferring everything out.,0.0,neutral
712593933,2025-03-29,Worst customer service I've ever experienced. Closing my account.,-0.6249,negative
712593933,2025-01-14,App keeps crashing and support doesn't respond. Extremely frustrated.,0.6901,neutral
719443683,2025-07-18,This is absolutely unacceptable. I've been charged twice and no one helps.,-0.5709,negative
719443683,2025-07-09,This is absolutely unacceptable. I've been charged twice and no one helps.,-0.5709,negative
710552733,2025-04-18,I was promised a resolution two weeks ago. Nothing. I'm leaving.,0.3612,neutral
710552733,2025-07-27,I was promised a resolution two weeks ago. Nothing. I'm leaving.,0.3612,neutral
710552733,2025-08-01,App keeps crashing and support doesn't respond. Extremely frustrated.,0.6901,neutral
720961383,2025-06-27,App keeps crashing and support doesn't respond. Extremely frustrated.,0.6901,neutral
771028533,2025-01-15,I was promised a resolution two weeks ago. Nothing. I'm leaving.,0.3612,neutral
771028533,2025-11-01,This is absolutely unacceptable. I've been charged twice and no one helps.,-0.5709,negative
771422883,2025-08-06,Worst customer service I've ever experienced. Closing my account.,-0.6249,negative
771422883,2025-01-11,This is absolutely unacceptable. I've been charged twice and no one helps.,-0.5709,negative
716279508,2025-08-18,App keeps crashing and support doesn't respond. Extremely frustrated.,0.6901,neutral
716279508,2025-09-11,Hidden fees again. Done with this bank. Transferring everything out.,0.0,neutral
711741708,2025-01-26,I was promised a resolution two weeks ago. Nothing. I'm leaving.,0.3612,neutral
711741708,2025-06-25,This is absolutely unacceptable. I've been charged twice and no one helps.,-0.5709,negative
718452633,2025-04-08,Worst customer service I've ever experienced. Closing my account.,-0.6249,negative
712130058,2025-04-09,I was promised a resolution two weeks ago. Nothing. I'm leaving.,0.3612,neutral
712130058,2025-06-25,I was promised a resolution two weeks ago. Nothing. I'm leaving.,0.3612,neutral
712130058,2025-04-18,Worst customer service I've ever experienced. Closing my account.,-0.6249,negative
714199008,2025-08-12,Hidden fees again. Done with this bank. Transferring everything out.,0.0,neutral
789560433,2025-03-09,Worst customer service I've ever experienced. Closing my account.,-0.6249,negative
710066133,2025-07-17,Worst customer service I've ever experienced. Closing my account.,-0.6249,negative
710066133,2025-06-15,This is absolutely unacceptable. I've been charged twice and no one helps.,-0.5709,negative
710066133,2025-07-04,I was promised a resolution two weeks ago. Nothing. I'm leaving.,0.3612,neutral
712807758,2025-03-04,Hidden fees again. Done with this bank. Transferring everything out.,0.0,neutral
712807758,2025-07-30,Worst customer service I've ever experienced. Closing my account.,-0.6249,negative
712563408,2025-06-02,Worst customer service I've ever experienced. Closing my account.,-0.6249,negative
715517733,2025-05-17,Worst customer service I've ever experienced. Closing my account.,-0.6249,negative
715517733,2025-04-05,Worst customer service I've ever experienced. Closing my account.,-0.6249,negative
711722808,2025-05-15,This is absolutely unacceptable. I've been charged twice and no one helps.,-0.5709,negative
713153733,2025-10-03,Worst customer service I've ever experienced. Closing my account.,-0.6249,negative
713153733,2025-06-18,Worst customer service I've ever experienced. Closing my account.,-0.6249,negative
713153733,2025-12-25,Worst customer service I've ever experienced. Closing my account.,-0.6249,negative
714035283,2025-10-08,This is absolutely unacceptable. I've been charged twice and no one helps.,-0.5709,negative
714035283,2025-02-18,I was promised a resolution two weeks ago. Nothing. I'm leaving.,0.3612,neutral
714035283,2025-01-07,I was promised a resolution two weeks ago. Nothing. I'm leaving.,0.3612,neutral
713585958,2025-10-31,This is absolutely unacceptable. I've been charged twice and no one helps.,-0.5709,negative
713585958,2025-09-11,Worst customer service I've ever experienced. Closing my account.,-0.6249,negative
713822208,2025-08-22,App keeps crashing and support doesn't respond. Extremely frustrated.,0.6901,neutral
719326758,2025-10-02,This is absolutely unacceptable. I've been charged twice and no one helps.,-0.5709,negative
719326758,2025-09-15,Worst customer service I've ever experienced. Closing my account.,-0.6249,negative
778899708,2025-09-08,App keeps crashing and support doesn't respond. Extremely frustrated.,0.6901,neutral
716570958,2025-09-15,I was promised a resolution two weeks ago. Nothing. I'm leaving.,0.3612,neutral
716570958,2025-03-27,Worst customer service I've ever experienced. Closing my account.,-0.6249,negative
710162133,2025-01-02,App keeps crashing and support doesn't respond. Extremely frustrated.,0.6901,neutral
720983733,2025-02-03,App keeps crashing and support doesn't respond. Extremely frustrated.,0.6901,neutral
720983733,2025-05-30,App keeps crashing and support doesn't respond. Extremely frustrated.,0.6901,neutral
716315508,2025-11-07,I was promised a resolution two weeks ago. Nothing. I'm leaving.,0.3612,neutral
712751133,2025-06-25,This is absolutely unacceptable. I've been charged twice and no one helps.,-0.5709,negative
712751133,2025-09-27,I was promised a resolution two weeks ago. Nothing. I'm leaving.,0.3612,neutral
712751133,2025-01-26,App keeps crashing and support doesn't respond. Extremely frustrated.,0.6901,neutral
780067158,2025-10-30,Hidden fees again. Done with this bank. Transferring everything out.,0.0,neutral
780067158,2025-12-09,This is absolutely unacceptable. I've been charged twice and no one helps.,-0.5709,negative
780067158,2025-04-14,Worst customer service I've ever experienced. Closing my account.,-0.6249,negative
719547033,2025-12-12,This is absolutely unacceptable. I've been charged twice and no one helps.,-0.5709,negative
719547033,2025-11-09,I was promised a resolution two weeks ago. Nothing. I'm leaving.,0.3612,neutral
719547033,2025-09-06,App keeps crashing and support doesn't respond. Extremely frustrated.,0.6901,neutral
715051608,2025-08-14,App keeps crashing and support doesn't respond. Extremely frustrated.,0.6901,neutral
715051608,2025-05-15,Worst customer service I've ever experienced. Closing my account.,-0.6249,negative
714212358,2025-06-19,App keeps crashing and support doesn't respond. Extremely frustrated.,0.6901,neutral
714212358,2025-03-08,App keeps crashing and support doesn't respond. Extremely frustrated.,0.6901,neutral
714212358,2025-12-30,App keeps crashing and support doesn't respond. Extremely frustrated.,0.6901,neutral
820282383,2025-09-29,Hidden fees again. Done with this bank. Transferring everything out.,0.0,neutral
820282383,2025-02-19,App keeps crashing and support doesn't respond. Extremely frustrated.,0.6901,neutral
716022258,2025-09-13,This is absolutely unacceptable. I've been charged twice and no one helps.,-0.5709,negative
809440008,2025-07-09,Worst customer service I've ever experienced. Closing my account.,-0.6249,negative
809440008,2025-11-01,I was promised a resolution two weeks ago. Nothing. I'm leaving.,0.3612,neutral
809440008,2025-01-02,I was promised a resolution two weeks ago. Nothing. I'm leaving.,0.3612,neutral
712551258,2025-10-17,App keeps crashing and support doesn't respond. Extremely frustrated.,0.6901,neutral
712551258,2025-10-17,I was promised a resolution two weeks ago. Nothing. I'm leaving.,0.3612,neutral
712551258,2025-12-10,This is absolutely unacceptable. I've been charged twice and no one helps.,-0.5709,negative
711116133,2025-08-16,Hidden fees again. Done with this bank. Transferring everything out.,0.0,neutral
708705783,2025-08-04,I was promised a resolution two weeks ago. Nothing. I'm leaving.,0.3612,neutral
708705783,2025-08-23,App keeps crashing and support doesn't respond. Extremely frustrated.,0.6901,neutral
708705783,2025-06-01,Worst customer service I've ever experienced. Closing my account.,-0.6249,negative
711801933,2025-05-21,App keeps crashing and support doesn't respond. Extremely frustrated.,0.6901,neutral
711801933,2025-04-05,I was promised a resolution two weeks ago. Nothing. I'm leaving.,0.3612,neutral
779333883,2025-03-01,Hidden fees again. Done with this bank. Transferring everything out.,0.0,neutral
779333883,2025-04-28,Hidden fees again. Done with this bank. Transferring everything out.,0.0,neutral
709321908,2025-08-29,Hidden fees again. Done with this bank. Transferring everything out.,0.0,neutral
709321908,2025-07-01,I was promised a resolution two weeks ago. Nothing. I'm leaving.,0.3612,neutral
709321908,2025-09-22,Hidden fees again. Done with this bank. Transferring everything out.,0.0,neutral
789212883,2025-06-01,App keeps crashing and support doesn't respond. Extremely frustrated.,0.6901,neutral
789212883,2025-08-03,App keeps crashing and support doesn't respond. Extremely frustrated.,0.6901,neutral
810974958,2025-05-09,App keeps crashing and support doesn't respond. Extremely frustrated.,0.6901,neutral
810974958,2025-10-17,This is absolutely unacceptable. I've been charged twice and no one helps.,-0.5709,negative
719299533,2025-04-24,This is absolutely unacceptable. I've been charged twice and no one helps.,-0.5709,negative
816378033,2025-11-11,App keeps crashing and support doesn't respond. Extremely frustrated.,0.6901,neutral
816378033,2025-07-20,I was promised a resolution two weeks ago. Nothing. I'm leaving.,0.3612,neutral
780105483,2025-08-16,Worst customer service I've ever experienced. Closing my account.,-0.6249,negative
719420883,2025-05-16,Hidden fees again. Done with this bank. Transferring everything out.,0.0,neutral
719420883,2025-07-14,App keeps crashing and support doesn't respond. Extremely frustrated.,0.6901,neutral
719420883,2025-08-17,App keeps crashing and support doesn't respond. Extremely frustrated.,0.6901,neutral
778388358,2025-08-06,App keeps crashing and support doesn't respond. Extremely frustrated.,0.6901,neutral
778388358,2025-11-16,This is absolutely unacceptable. I've been charged twice and no one helps.,-0.5709,negative
772728933,2025-04-22,Hidden fees again. Done with this bank. Transferring everything out.,0.0,neutral
772728933,2025-08-20,I was promised a resolution two weeks ago. Nothing. I'm leaving.,0.3612,neutral
711918033,2025-06-14,Hidden fees again. Done with this bank. Transferring everything out.,0.0,neutral
711918033,2025-05-30,Hidden fees again. Done with this bank. Transferring everything out.,0.0,neutral
711918033,2025-11-27,Hidden fees again. Done with this bank. Transferring everything out.,0.0,neutral
738899658,2025-09-03,I was promised a resolution two weeks ago. Nothing. I'm leaving.,0.3612,neutral
738899658,2025-11-13,This is absolutely unacceptable. I've been charged twice and no one helps.,-0.5709,negative
778863258,2025-09-06,App keeps crashing and support doesn't respond. Extremely frustrated.,0.6901,neutral
710524533,2025-08-09,App keeps crashing and support doesn't respond. Extremely frustrated.,0.6901,neutral
710524533,2025-05-16,Hidden fees again. Done with this bank. Transferring everything out.,0.0,neutral
813752433,2025-01-09,This is absolutely unacceptable. I've been charged twice and no one helps.,-0.5709,negative
813752433,2025-08-15,This is absolutely unacceptable. I've been charged twice and no one helps.,-0.5709,negative
715516458,2025-02-26,Worst customer service I've ever experienced. Closing my account.,-0.6249,negative
708519108,2025-02-20,This is absolutely unacceptable. I've been charged twice and no one helps.,-0.5709,negative
708519108,2025-10-14,This is absolutely unacceptable. I've been charged twice and no one helps.,-0.5709,negative
770596458,2025-10-17,I was promised a resolution two weeks ago. Nothing. I'm leaving.,0.3612,neutral
714608583,2025-09-29,Worst customer service I've ever experienced. Closing my account.,-0.6249,negative
714608583,2025-06-15,App keeps crashing and support doesn't respond. Extremely frustrated.,0.6901,neutral
714608583,2025-02-21,This is absolutely unacceptable. I've been charged twice and no one helps.,-0.5709,negative
711531858,2025-09-24,I was promised a resolution two weeks ago. Nothing. I'm leaving.,0.3612,neutral
711274458,2025-06-14,Worst customer service I've ever experienced. Closing my account.,-0.6249,negative
711274458,2025-11-09,Worst customer service I've ever experienced. Closing my account.,-0.6249,negative
711274458,2025-01-09,Hidden fees again. Done with this bank. Transferring everything out.,0.0,neutral
713957283,2025-09-01,Worst customer service I've ever experienced. Closing my account.,-0.6249,negative
713957283,2025-01-03,Hidden fees again. Done with this bank. Transferring everything out.,0.0,neutral
780496833,2025-01-21,I was promised a resolution two weeks ago. Nothing. I'm leaving.,0.3612,neutral
780496833,2025-09-18,This is absolutely unacceptable. I've been charged twice and no one helps.,-0.5709,negative
718148358,2025-10-02,App keeps crashing and support doesn't respond. Extremely frustrated.,0.6901,neutral
718148358,2025-04-20,Worst customer service I've ever experienced. Closing my account.,-0.6249,negative
718148358,2025-05-06,This is absolutely unacceptable. I've been charged twice and no one helps.,-0.5709,negative
712950783,2025-07-30,This is absolutely unacceptable. I've been charged twice and no one helps.,-0.5709,negative
767266758,2025-01-04,Worst customer service I've ever experienced. Closing my account.,-0.6249,negative
767266758,2025-03-17,Hidden fees again. Done with this bank. Transferring everything out.,0.0,neutral
767266758,2025-05-21,This is absolutely unacceptable. I've been charged twice and no one helps.,-0.5709,negative
712164333,2025-01-07,App keeps crashing and support doesn't respond. Extremely frustrated.,0.6901,neutral
714549558,2025-03-24,Worst customer service I've ever experienced. Closing my account.,-0.6249,negative
811700058,2025-10-19,Hidden fees again. Done with this bank. Transferring everything out.,0.0,neutral
811700058,2025-11-15,I was promised a resolution two weeks ago. Nothing. I'm leaving.,0.3612,neutral
811700058,2025-08-03,This is absolutely unacceptable. I've been charged twice and no one helps.,-0.5709,negative
779130108,2025-02-20,Worst customer service I've ever experienced. Closing my account.,-0.6249,negative
779130108,2025-10-09,App keeps crashing and support doesn't respond. Extremely frustrated.,0.6901,neutral
779130108,2025-09-18,Hidden fees again. Done with this bank. Transferring everything out.,0.0,neutral
787515333,2025-09-04,App keeps crashing and support doesn't respond. Extremely frustrated.,0.6901,neutral
787515333,2025-11-03,I was promised a resolution two weeks ago. Nothing. I'm leaving.,0.3612,neutral
787515333,2025-07-13,Hidden fees again. Done with this bank. Transferring everything out.,0.0,neutral
819714408,2025-12-28,Worst customer service I've ever experienced. Closing my account.,-0.6249,negative
819714408,2025-08-29,Worst customer service I've ever experienced. Closing my account.,-0.6249,negative
819714408,2025-02-22,This is absolutely unacceptable. I've been charged twice and no one helps.,-0.5709,negative
713929533,2025-03-23,App keeps crashing and support doesn't respond. Extremely frustrated.,0.6901,neutral
713980383,2025-07-31,App keeps crashing and support doesn't respond. Extremely frustrated.,0.6901,neutral
713980383,2025-08-15,Worst customer service I've ever experienced. Closing my account.,-0.6249,negative
718296558,2025-07-03,This is absolutely unacceptable. I've been charged twice and no one helps.,-0.5709,negative
790051758,2025-09-19,This is absolutely unacceptable. I've been charged twice and no one helps.,-0.5709,negative
709987683,2025-08-24,Hidden fees again. Done with this bank. Transferring everything out.,0.0,neutral
812218908,2025-05-04,I was promised a resolution two weeks ago. Nothing. I'm leaving.,0.3612,neutral
812218908,2025-12-07,App keeps crashing and support doesn't respond. Extremely frustrated.,0.6901,neutral
812218908,2025-04-02,App keeps crashing and support doesn't respond. Extremely frustrated.,0.6901,neutral
710525508,2025-01-30,I was promised a resolution two weeks ago. Nothing. I'm leaving.,0.3612,neutral
710525508,2025-05-31,Worst customer service I've ever experienced. Closing my account.,-0.6249,negative
710525508,2025-04-27,I was promised a resolution two weeks ago. Nothing. I'm leaving.,0.3612,neutral
808273533,2025-12-31,Hidden fees again. Done with this bank. Transferring everything out.,0.0,neutral
711390333,2025-11-29,This is absolutely unacceptable. I've been charged twice and no one helps.,-0.5709,negative
711390333,2025-09-18,App keeps crashing and support doesn't respond. Extremely frustrated.,0.6901,neutral
711390333,2025-06-07,Hidden fees again. Done with this bank. Transferring everything out.,0.0,neutral
719174433,2025-08-12,Worst customer service I've ever experienced. Closing my account.,-0.6249,negative
719174433,2025-01-05,I was promised a resolution two weeks ago. Nothing. I'm leaving.,0.3612,neutral
709893858,2025-11-01,I was promised a resolution two weeks ago. Nothing. I'm leaving.,0.3612,neutral
709893858,2025-06-04,App keeps crashing and support doesn't respond. Extremely frustrated.,0.6901,neutral
709893858,2025-08-17,This is absolutely unacceptable. I've been charged twice and no one helps.,-0.5709,negative
719470458,2025-11-25,I was promised a resolution two weeks ago. Nothing. I'm leaving.,0.3612,neutral
719470458,2025-04-10,Hidden fees again. Done with this bank. Transferring everything out.,0.0,neutral
719470458,2025-03-24,Worst customer service I've ever experienced. Closing my account.,-0.6249,negative
714938733,2025-05-11,I was promised a resolution two weeks ago. Nothing. I'm leaving.,0.3612,neutral
807587433,2025-09-30,This is absolutely unacceptable. I've been charged twice and no one helps.,-0.5709,negative
807587433,2025-12-20,Worst customer service I've ever experienced. Closing my account.,-0.6249,negative
807587433,2025-11-18,I was promised a resolution two weeks ago. Nothing. I'm leaving.,0.3612,neutral
799239033,2025-04-29,I was promised a resolution two weeks ago. Nothing. I'm leaving.,0.3612,neutral
716024808,2025-08-25,Hidden fees again. Done with this bank. Transferring everything out.,0.0,neutral
716024808,2025-02-21,App keeps crashing and support doesn't respond. Extremely frustrated.,0.6901,neutral
716024808,2025-01-26,This is absolutely unacceptable. I've been charged twice and no one helps.,-0.5709,negative
809565183,2025-08-10,Hidden fees again. Done with this bank. Transferring everything out.,0.0,neutral
809565183,2025-10-27,Hidden fees again. Done with this bank. Transferring everything out.,0.0,neutral
710980383,2025-10-16,App keeps crashing and support doesn't respond. Extremely frustrated.,0.6901,neutral
710980383,2025-08-22,Hidden fees again. Done with this bank. Transferring everything out.,0.0,neutral
819610908,2025-08-31,I was promised a resolution two weeks ago. Nothing. I'm leaving.,0.3612,neutral
715405758,2025-10-29,This is absolutely unacceptable. I've been charged twice and no one helps.,-0.5709,negative
709711758,2025-09-13,App keeps crashing and support doesn't respond. Extremely frustrated.,0.6901,neutral
719328858,2025-08-28,This is absolutely unacceptable. I've been charged twice and no one helps.,-0.5709,negative
719328858,2025-11-28,App keeps crashing and support doesn't respond. Extremely frustrated.,0.6901,neutral
753365883,2025-08-03,App keeps crashing and support doesn't respond. Extremely frustrated.,0.6901,neutral
709534083,2025-07-03,App keeps crashing and support doesn't respond. Extremely frustrated.,0.6901,neutral
709534083,2025-08-18,I was promised a resolution two weeks ago. Nothing. I'm leaving.,0.3612,neutral
712307283,2025-09-29,I was promised a resolution two weeks ago. Nothing. I'm leaving.,0.3612,neutral
712307283,2025-10-12,This is absolutely unacceptable. I've been charged twice and no one helps.,-0.5709,negative
709563258,2025-12-07,This is absolutely unacceptable. I've been charged twice and no one helps.,-0.5709,negative
713677158,2025-03-31,Worst customer service I've ever experienced. Closing my account.,-0.6249,negative
713677158,2025-09-06,Worst customer service I've ever experienced. Closing my account.,-0.6249,negative
715651833,2025-12-06,I was promised a resolution two weeks ago. Nothing. I'm leaving.,0.3612,neutral
715651833,2025-01-04,App keeps crashing and support doesn't respond. Extremely frustrated.,0.6901,neutral
709708233,2025-05-21,Hidden fees again. Done with this bank. Transferring everything out.,0.0,neutral
709708233,2025-11-05,Hidden fees again. Done with this bank. Transferring everything out.,0.0,neutral
812411058,2025-11-18,App keeps crashing and support doesn't respond. Extremely frustrated.,0.6901,neutral
812411058,2025-12-01,Worst customer service I've ever experienced. Closing my account.,-0.6249,negative
715799808,2025-03-18,App keeps crashing and support doesn't respond. Extremely frustrated.,0.6901,neutral
715799808,2025-08-02,I was promised a resolution two weeks ago. Nothing. I'm leaving.,0.3612,neutral
715799808,2025-04-17,App keeps crashing and support doesn't respond. Extremely frustrated.,0.6901,neutral
709729533,2025-07-10,This is absolutely unacceptable. I've been charged twice and no one helps.,-0.5709,negative
709729533,2025-09-29,Worst customer service I've ever experienced. Closing my account.,-0.6249,negative
716199408,2025-02-16,This is absolutely unacceptable. I've been charged twice and no one helps.,-0.5709,negative
716199408,2025-07-24,Hidden fees again. Done with this bank. Transferring everything out.,0.0,neutral
708653958,2025-01-30,This is absolutely unacceptable. I've been charged twice and no one helps.,-0.5709,negative
710484408,2025-11-21,I was promised a resolution two weeks ago. Nothing. I'm leaving.,0.3612,neutral
710484408,2025-04-19,Worst customer service I've ever experienced. Closing my account.,-0.6249,negative
769053033,2025-09-25,Worst customer service I've ever experienced. Closing my account.,-0.6249,negative
769053033,2025-12-09,This is absolutely unacceptable. I've been charged twice and no one helps.,-0.5709,negative
712770408,2025-11-18,I was promised a resolution two weeks ago. Nothing. I'm leaving.,0.3612,neutral
712770408,2025-04-01,Worst customer service I've ever experienced. Closing my account.,-0.6249,negative
711382458,2025-08-25,I was promised a resolution two weeks ago. Nothing. I'm leaving.,0.3612,neutral
711382458,2025-08-03,This is absolutely unacceptable. I've been charged twice and no one helps.,-0.5709,negative
711382458,2025-10-06,I was promised a resolution two weeks ago. Nothing. I'm leaving.,0.3612,neutral
711671058,2025-05-27,Hidden fees again. Done with this bank. Transferring everything out.,0.0,neutral
711671058,2025-08-04,Worst customer service I've ever experienced. Closing my account.,-0.6249,negative
708867408,2025-11-28,Hidden fees again. Done with this bank. Transferring everything out.,0.0,neutral
708867408,2025-07-30,I was promised a resolution two weeks ago. Nothing. I'm leaving.,0.3612,neutral
708867408,2025-07-22,This is absolutely unacceptable. I've been charged twice and no one helps.,-0.5709,negative
790119408,2025-03-31,App keeps crashing and support doesn't respond. Extremely frustrated.,0.6901,neutral
790119408,2025-10-08,This is absolutely unacceptable. I've been charged twice and no one helps.,-0.5709,negative
827117808,2025-05-07,I was promised a resolution two weeks ago. Nothing. I'm leaving.,0.3612,neutral
827117808,2025-08-25,Hidden fees again. Done with this bank. Transferring everything out.,0.0,neutral
715194183,2025-03-12,This is absolutely unacceptable. I've been charged twice and no one helps.,-0.5709,negative
715194183,2025-07-12,Worst customer service I've ever experienced. Closing my account.,-0.6249,negative
714082308,2025-01-12,This is absolutely unacceptable. I've been charged twice and no one helps.,-0.5709,negative
720990183,2025-02-04,I was promised a resolution two weeks ago. Nothing. I'm leaving.,0.3612,neutral
789842283,2025-12-11,I was promised a resolution two weeks ago. Nothing. I'm leaving.,0.3612,neutral
789842283,2025-05-10,This is absolutely unacceptable. I've been charged twice and no one helps.,-0.5709,negative
789842283,2025-11-26,App keeps crashing and support doesn't respond. Extremely frustrated.,0.6901,neutral
710590683,2025-09-04,Worst customer service I've ever experienced. Closing my account.,-0.6249,negative
710590683,2025-03-04,This is absolutely unacceptable. I've been charged twice and no one helps.,-0.5709,negative
710590683,2025-07-20,Hidden fees again. Done with this bank. Transferring everything out.,0.0,neutral
818375733,2025-07-14,App keeps crashing and support doesn't respond. Extremely frustrated.,0.6901,neutral
713685033,2025-07-13,App keeps crashing and support doesn't respond. Extremely frustrated.,0.6901,neutral
713685033,2025-04-21,I was promised a resolution two weeks ago. Nothing. I'm leaving.,0.3612,neutral
787974108,2025-07-10,Worst customer service I've ever experienced. Closing my account.,-0.6249,negative
787974108,2025-05-16,Worst customer service I've ever experienced. Closing my account.,-0.6249,negative
787974108,2025-02-13,Worst customer service I've ever experienced. Closing my account.,-0.6249,negative
815908908,2025-05-26,Worst customer service I've ever experienced. Closing my account.,-0.6249,negative
713318733,2025-03-09,Hidden fees again. Done with this bank. Transferring everything out.,0.0,neutral
713318733,2025-11-12,App keeps crashing and support doesn't respond. Extremely frustrated.,0.6901,neutral
713318733,2025-11-01,I was promised a resolution two weeks ago. Nothing. I'm leaving.,0.3612,neutral
714602658,2025-04-04,Worst customer service I've ever experienced. Closing my account.,-0.6249,negative
714602658,2025-10-10,This is absolutely unacceptable. I've been charged twice and no one helps.,-0.5709,negative
714602658,2025-10-21,Hidden fees again. Done with this bank. Transferring everything out.,0.0,neutral
708892833,2025-04-20,App keeps crashing and support doesn't respond. Extremely frustrated.,0.6901,neutral
719604858,2025-07-09,I was promised a resolution two weeks ago. Nothing. I'm leaving.,0.3612,neutral
719604858,2025-02-18,App keeps crashing and support doesn't respond. Extremely frustrated.,0.6901,neutral
719604858,2025-12-13,Worst customer service I've ever experienced. Closing my account.,-0.6249,negative
779055033,2025-11-14,I was promised a resolution two weeks ago. Nothing. I'm leaving.,0.3612,neutral
779055033,2025-06-30,Worst customer service I've ever experienced. Closing my account.,-0.6249,negative
779055033,2025-09-01,App keeps crashing and support doesn't respond. Extremely frustrated.,0.6901,neutral
717450633,2025-03-03,Hidden fees again. Done with this bank. Transferring everything out.,0.0,neutral
717450633,2025-05-02,I was promised a resolution two weeks ago. Nothing. I'm leaving.,0.3612,neutral
717450633,2025-03-31,Hidden fees again. Done with this bank. Transferring everything out.,0.0,neutral
827964858,2025-01-29,App keeps crashing and support doesn't respond. Extremely frustrated.,0.6901,neutral
827964858,2025-04-13,This is absolutely unacceptable. I've been charged twice and no one helps.,-0.5709,negative
717172308,2025-03-01,Hidden fees again. Done with this bank. Transferring everything out.,0.0,neutral
712044558,2025-03-08,Worst customer service I've ever experienced. Closing my account.,-0.6249,negative
712044558,2025-03-16,This is absolutely unacceptable. I've been charged twice and no one helps.,-0.5709,negative
710527533,2025-04-30,App keeps crashing and support doesn't respond. Extremely frustrated.,0.6901,neutral
714477408,2025-11-10,I was promised a resolution two weeks ago. Nothing. I'm leaving.,0.3612,neutral
714477408,2025-10-01,App keeps crashing and support doesn't respond. Extremely frustrated.,0.6901,neutral
719305608,2025-01-10,Hidden fees again. Done with this bank. Transferring everything out.,0.0,neutral
719305608,2025-05-13,Hidden fees again. Done with this bank. Transferring everything out.,0.0,neutral
719305608,2025-02-19,App keeps crashing and support doesn't respond. Extremely frustrated.,0.6901,neutral
772286658,2025-07-09,App keeps crashing and support doesn't respond. Extremely frustrated.,0.6901,neutral
772286658,2025-09-29,App keeps crashing and support doesn't respond. Extremely frustrated.,0.6901,neutral
772286658,2025-07-25,This is absolutely unacceptable. I've been charged twice and no one helps.,-0.5709,negative
714503433,2025-10-20,I was promised a resolution two weeks ago. Nothing. I'm leaving.,0.3612,neutral
714503433,2025-05-15,This is absolutely unacceptable. I've been charged twice and no one helps.,-0.5709,negative
714503433,2025-12-25,Worst customer service I've ever experienced. Closing my account.,-0.6249,negative
719917233,2025-02-21,App keeps crashing and support doesn't respond. Extremely frustrated.,0.6901,neutral
714972558,2025-01-04,App keeps crashing and support doesn't respond. Extremely frustrated.,0.6901,neutral
714972558,2025-07-29,Worst customer service I've ever experienced. Closing my account.,-0.6249,negative
714972558,2025-03-14,Hidden fees again. Done with this bank. Transferring everything out.,0.0,neutral
720362058,2025-10-27,I was promised a resolution two weeks ago. Nothing. I'm leaving.,0.3612,neutral
720362058,2025-01-16,App keeps crashing and support doesn't respond. Extremely frustrated.,0.6901,neutral
720362058,2025-05-05,Worst customer service I've ever experienced. Closing my account.,-0.6249,negative
719582058,2025-08-10,App keeps crashing and support doesn't respond. Extremely frustrated.,0.6901,neutral
719582058,2025-02-04,Worst customer service I've ever experienced. Closing my account.,-0.6249,negative
708662583,2025-07-08,This is absolutely unacceptable. I've been charged twice and no one helps.,-0.5709,negative
708662583,2025-12-09,Hidden fees again. Done with this bank. Transferring everything out.,0.0,neutral
714424533,2025-04-16,I was promised a resolution two weeks ago. Nothing. I'm leaving.,0.3612,neutral
714424533,2025-12-31,App keeps crashing and support doesn't respond. Extremely frustrated.,0.6901,neutral
789880533,2025-06-12,Worst customer service I've ever experienced. Closing my account.,-0.6249,negative
789880533,2025-07-16,This is absolutely unacceptable. I've been charged twice and no one helps.,-0.5709,negative
789880533,2025-01-03,I was promised a resolution two weeks ago. Nothing. I'm leaving.,0.3612,neutral
709891608,2025-01-19,I was promised a resolution two weeks ago. Nothing. I'm leaving.,0.3612,neutral
709891608,2025-01-13,I was promised a resolution two weeks ago. Nothing. I'm leaving.,0.3612,neutral
712441308,2025-05-17,Hidden fees again. Done with this bank. Transferring everything out.,0.0,neutral
711460458,2025-08-03,I was promised a resolution two weeks ago. Nothing. I'm leaving.,0.3612,neutral
711460458,2025-01-23,I was promised a resolution two weeks ago. Nothing. I'm leaving.,0.3612,neutral
711460458,2025-11-12,Hidden fees again. Done with this bank. Transferring everything out.,0.0,neutral
720283758,2025-09-29,App keeps crashing and support doesn't respond. Extremely frustrated.,0.6901,neutral
720283758,2025-01-03,Hidden fees again. Done with this bank. Transferring everything out.,0.0,neutral
720283758,2025-07-13,Hidden fees again. Done with this bank. Transferring everything out.,0.0,neutral
757854858,2025-11-25,Hidden fees again. Done with this bank. Transferring everything out.,0.0,neutral
757854858,2025-09-03,Worst customer service I've ever experienced. Closing my account.,-0.6249,negative
757854858,2025-11-04,Hidden fees again. Done with this bank. Transferring everything out.,0.0,neutral
774760458,2025-12-27,This is absolutely unacceptable. I've been charged twice and no one helps.,-0.5709,negative
774760458,2025-02-21,This is absolutely unacceptable. I've been charged twice and no one helps.,-0.5709,negative
711683358,2025-06-19,App keeps crashing and support doesn't respond. Extremely frustrated.,0.6901,neutral
711683358,2025-06-06,I was promised a resolution two weeks ago. Nothing. I'm leaving.,0.3612,neutral
713920158,2025-07-17,Worst customer service I've ever experienced. Closing my account.,-0.6249,negative
713920158,2025-08-15,I was promised a resolution two weeks ago. Nothing. I'm leaving.,0.3612,neutral
758753283,2025-08-20,This is absolutely unacceptable. I've been charged twice and no one helps.,-0.5709,negative
758753283,2025-02-23,Worst customer service I've ever experienced. Closing my account.,-0.6249,negative
758753283,2025-09-23,App keeps crashing and support doesn't respond. Extremely frustrated.,0.6901,neutral
711357858,2025-02-21,Hidden fees again. Done with this bank. Transferring everything out.,0.0,neutral
711357858,2025-12-19,App keeps crashing and support doesn't respond. Extremely frustrated.,0.6901,neutral
711357858,2025-07-17,App keeps crashing and support doesn't respond. Extremely frustrated.,0.6901,neutral
708953883,2025-05-03,Worst customer service I've ever experienced. Closing my account.,-0.6249,negative
708953883,2025-05-28,This is absolutely unacceptable. I've been charged twice and no one helps.,-0.5709,negative
718577958,2025-02-19,Worst customer service I've ever experienced. Closing my account.,-0.6249,negative
718577958,2025-04-22,This is absolutely unacceptable. I've been charged twice and no one helps.,-0.5709,negative
718577958,2025-05-14,App keeps crashing and support doesn't respond. Extremely frustrated.,0.6901,neutral
710661333,2025-11-07,This is absolutely unacceptable. I've been charged twice and no one helps.,-0.5709,negative
710661333,2025-03-04,App keeps crashing and support doesn't respond. Extremely frustrated.,0.6901,neutral
817977933,2025-05-22,App keeps crashing and support doesn't respond. Extremely frustrated.,0.6901,neutral
718742808,2025-02-07,I was promised a resolution two weeks ago. Nothing. I'm leaving.,0.3612,neutral
708805908,2025-12-15,This is absolutely unacceptable. I've been charged twice and no one helps.,-0.5709,negative
710727333,2025-11-22,This is absolutely unacceptable. I've been charged twice and no one helps.,-0.5709,negative
710727333,2025-04-08,App keeps crashing and support doesn't respond. Extremely frustrated.,0.6901,neutral
718418958,2025-09-26,This is absolutely unacceptable. I've been charged twice and no one helps.,-0.5709,negative
710674533,2025-06-17,Hidden fees again. Done with this bank. Transferring everything out.,0.0,neutral
708692583,2025-09-18,App keeps crashing and support doesn't respond. Extremely frustrated.,0.6901,neutral
824560758,2025-09-07,I was promised a resolution two weeks ago. Nothing. I'm leaving.,0.3612,neutral
824560758,2025-06-06,I was promised a resolution two weeks ago. Nothing. I'm leaving.,0.3612,neutral
824560758,2025-03-13,Hidden fees again. Done with this bank. Transferring everything out.,0.0,neutral
714145233,2025-11-04,Worst customer service I've ever experienced. Closing my account.,-0.6249,negative
714145233,2025-03-29,Worst customer service I've ever experienced. Closing my account.,-0.6249,negative
714145233,2025-10-29,App keeps crashing and support doesn't respond. Extremely frustrated.,0.6901,neutral
711474333,2025-05-04,App keeps crashing and support doesn't respond. Extremely frustrated.,0.6901,neutral
711474333,2025-01-14,Worst customer service I've ever experienced. Closing my account.,-0.6249,negative
711474333,2025-08-21,This is absolutely unacceptable. I've been charged twice and no one helps.,-0.5709,negative
714089658,2025-11-27,This is absolutely unacceptable. I've been charged twice and no one helps.,-0.5709,negative
821179233,2025-03-04,App keeps crashing and support doesn't respond. Extremely frustrated.,0.6901,neutral
821179233,2025-03-23,Worst customer service I've ever experienced. Closing my account.,-0.6249,negative
716863458,2025-02-08,I was promised a resolution two weeks ago. Nothing. I'm leaving.,0.3612,neutral
716863458,2025-02-12,Hidden fees again. Done with this bank. Transferring everything out.,0.0,neutral
716863458,2025-02-14,Worst customer service I've ever experienced. Closing my account.,-0.6249,negative
779320008,2025-12-23,Hidden fees again. Done with this bank. Transferring everything out.,0.0,neutral
720725058,2025-04-02,Hidden fees again. Done with this bank. Transferring everything out.,0.0,neutral
720725058,2025-12-02,App keeps crashing and support doesn't respond. Extremely frustrated.,0.6901,neutral
711151383,2025-07-27,Hidden fees again. Done with this bank. Transferring everything out.,0.0,neutral
711151383,2025-05-26,Hidden fees again. Done with this bank. Transferring everything out.,0.0,neutral
714119283,2025-01-20,I was promised a resolution two weeks ago. Nothing. I'm leaving.,0.3612,neutral
714119283,2025-11-20,Hidden fees again. Done with this bank. Transferring everything out.,0.0,neutral
712235433,2025-11-30,Worst customer service I've ever experienced. Closing my account.,-0.6249,negative
712235433,2025-07-06,Worst customer service I've ever experienced. Closing my account.,-0.6249,negative
720719883,2025-07-22,App keeps crashing and support doesn't respond. Extremely frustrated.,0.6901,neutral
720719883,2025-06-10,This is absolutely unacceptable. I've been charged twice and no one helps.,-0.5709,negative
713004933,2025-12-21,I was promised a resolution two weeks ago. Nothing. I'm leaving.,0.3612,neutral
720062508,2025-12-26,Hidden fees again. Done with this bank. Transferring everything out.,0.0,neutral
720062508,2025-09-30,I was promised a resolution two weeks ago. Nothing. I'm leaving.,0.3612,neutral
720062508,2025-04-16,This is absolutely unacceptable. I've been charged twice and no one helps.,-0.5709,negative
714188883,2025-07-02,App keeps crashing and support doesn't respond. Extremely frustrated.,0.6901,neutral
714188883,2025-05-31,Worst customer service I've ever experienced. Closing my account.,-0.6249,negative
719018208,2025-07-13,Worst customer service I've ever experienced. Closing my account.,-0.6249,negative
711684408,2025-06-08,I was promised a resolution two weeks ago. Nothing. I'm leaving.,0.3612,neutral
711684408,2025-03-05,I was promised a resolution two weeks ago. Nothing. I'm leaving.,0.3612,neutral
711684408,2025-07-01,This is absolutely unacceptable. I've been charged twice and no one helps.,-0.5709,negative
720185058,2025-11-14,I was promised a resolution two weeks ago. Nothing. I'm leaving.,0.3612,neutral
709143183,2025-11-28,Worst customer service I've ever experienced. Closing my account.,-0.6249,negative
709143183,2025-09-14,This is absolutely unacceptable. I've been charged twice and no one helps.,-0.5709,negative
709143183,2025-11-17,This is absolutely unacceptable. I've been charged twice and no one helps.,-0.5709,negative
804829533,2025-01-14,This is absolutely unacceptable. I've been charged twice and no one helps.,-0.5709,negative
804829533,2025-07-27,App keeps crashing and support doesn't respond. Extremely frustrated.,0.6901,neutral
789358908,2025-02-20,App keeps crashing and support doesn't respond. Extremely frustrated.,0.6901,neutral
715660308,2025-03-12,Hidden fees again. Done with this bank. Transferring everything out.,0.0,neutral
715660308,2025-09-12,Worst customer service I've ever experienced. Closing my account.,-0.6249,negative
715660308,2025-11-24,This is absolutely unacceptable. I've been charged twice and no one helps.,-0.5709,negative
712853358,2025-06-09,App keeps crashing and support doesn't respond. Extremely frustrated.,0.6901,neutral
712853358,2025-05-25,Worst customer service I've ever experienced. Closing my account.,-0.6249,negative
712036383,2025-10-15,App keeps crashing and support doesn't respond. Extremely frustrated.,0.6901,neutral
712036383,2025-04-17,Worst customer service I've ever experienced. Closing my account.,-0.6249,negative
712036383,2025-11-25,Hidden fees again. Done with this bank. Transferring everything out.,0.0,neutral
714374133,2025-04-25,This is absolutely unacceptable. I've been charged twice and no one helps.,-0.5709,negative
714374133,2025-11-23,Hidden fees again. Done with this bank. Transferring everything out.,0.0,neutral
714374133,2025-03-18,Worst customer service I've ever experienced. Closing my account.,-0.6249,negative
712843983,2025-04-11,App keeps crashing and support doesn't respond. Extremely frustrated.,0.6901,neutral
712843983,2025-08-20,I was promised a resolution two weeks ago. Nothing. I'm leaving.,0.3612,neutral
712843983,2025-03-03,I was promised a resolution two weeks ago. Nothing. I'm leaving.,0.3612,neutral
721448283,2025-12-13,Hidden fees again. Done with this bank. Transferring everything out.,0.0,neutral
711012783,2025-09-07,Hidden fees again. Done with this bank. Transferring everything out.,0.0,neutral
711013983,2025-09-06,App keeps crashing and support doesn't respond. Extremely frustrated.,0.6901,neutral
711013983,2025-09-08,This is absolutely unacceptable. I've been charged twice and no one helps.,-0.5709,negative
771833433,2025-02-07,App keeps crashing and support doesn't respond. Extremely frustrated.,0.6901,neutral
771833433,2025-12-18,Worst customer service I've ever experienced. Closing my account.,-0.6249,negative
720206658,2025-03-28,Hidden fees again. Done with this bank. Transferring everything out.,0.0,neutral
714519408,2025-04-05,Hidden fees again. Done with this bank. Transferring everything out.,0.0,neutral
714519408,2025-03-30,Worst customer service I've ever experienced. Closing my account.,-0.6249,negative
711791583,2025-05-14,App keeps crashing and support doesn't respond. Extremely frustrated.,0.6901,neutral
711791583,2025-04-05,I was promised a resolution two weeks ago. Nothing. I'm leaving.,0.3612,neutral
720905133,2025-11-25,Worst customer service I've ever experienced. Closing my account.,-0.6249,negative
720905133,2025-01-03,I was promised a resolution two weeks ago. Nothing. I'm leaving.,0.3612,neutral
720905133,2025-03-01,Worst customer service I've ever experienced. Closing my account.,-0.6249,negative
720379533,2025-02-21,I was promised a resolution two weeks ago. Nothing. I'm leaving.,0.3612,neutral
720379533,2025-05-10,I was promised a resolution two weeks ago. Nothing. I'm leaving.,0.3612,neutral
720379533,2025-08-22,App keeps crashing and support doesn't respond. Extremely frustrated.,0.6901,neutral
711772008,2025-06-02,I was promised a resolution two weeks ago. Nothing. I'm leaving.,0.3612,neutral
711772008,2025-09-14,This is absolutely unacceptable. I've been charged twice and no one helps.,-0.5709,negative
711772008,2025-08-13,App keeps crashing and support doesn't respond. Extremely frustrated.,0.6901,neutral
709213458,2025-08-23,This is absolutely unacceptable. I've been charged twice and no one helps.,-0.5709,negative
711092658,2025-01-26,This is absolutely unacceptable. I've been charged twice and no one helps.,-0.5709,negative
711092658,2025-10-25,App keeps crashing and support doesn't respond. Extremely frustrated.,0.6901,neutral
718311933,2025-04-22,Worst customer service I've ever experienced. Closing my account.,-0.6249,negative
718311933,2025-02-25,Hidden fees again. Done with this bank. Transferring everything out.,0.0,neutral
718311933,2025-03-02,Hidden fees again. Done with this bank. Transferring everything out.,0.0,neutral
720612333,2025-06-09,This is absolutely unacceptable. I've been charged twice and no one helps.,-0.5709,negative
714010383,2025-06-02,This is absolutely unacceptable. I've been charged twice and no one helps.,-0.5709,negative
714010383,2025-03-21,This is absolutely unacceptable. I've been charged twice and no one helps.,-0.5709,negative
714010383,2025-09-14,App keeps crashing and support doesn't respond. Extremely frustrated.,0.6901,neutral
805524708,2025-09-29,Hidden fees again. Done with this bank. Transferring everything out.,0.0,neutral
805524708,2025-07-31,App keeps crashing and support doesn't respond. Extremely frustrated.,0.6901,neutral
714250908,2025-03-09,Hidden fees again. Done with this bank. Transferring everything out.,0.0,neutral
714250908,2025-11-03,This is absolutely unacceptable. I've been charged twice and no one helps.,-0.5709,negative
769667583,2025-05-08,Hidden fees again. Done with this bank. Transferring everything out.,0.0,neutral
769667583,2025-01-29,App keeps crashing and support doesn't respond. Extremely frustrated.,0.6901,neutral
769667583,2025-07-03,Hidden fees again. Done with this bank. Transferring everything out.,0.0,neutral
712160058,2025-12-14,This is absolutely unacceptable. I've been charged twice and no one helps.,-0.5709,negative
714677583,2025-02-17,I was promised a resolution two weeks ago. Nothing. I'm leaving.,0.3612,neutral
780086658,2025-07-22,Worst customer service I've ever experienced. Closing my account.,-0.6249,negative
712395408,2025-06-17,Hidden fees again. Done with this bank. Transferring everything out.,0.0,neutral
709611183,2025-08-02,I was promised a resolution two weeks ago. Nothing. I'm leaving.,0.3612,neutral
709611183,2025-12-19,Hidden fees again. Done with this bank. Transferring everything out.,0.0,neutral
709611183,2025-09-06,Hidden fees again. Done with this bank. Transferring everything out.,0.0,neutral
709709283,2025-02-15,Hidden fees again. Done with this bank. Transferring everything out.,0.0,neutral
709709283,2025-12-28,Hidden fees again. Done with this bank. Transferring everything out.,0.0,neutral
709709283,2025-12-31,I was promised a resolution two weeks ago. Nothing. I'm leaving.,0.3612,neutral
719770158,2025-12-27,I was promised a resolution two weeks ago. Nothing. I'm leaving.,0.3612,neutral
719770158,2025-01-08,Worst customer service I've ever experienced. Closing my account.,-0.6249,negative
719770158,2025-06-25,This is absolutely unacceptable. I've been charged twice and no one helps.,-0.5709,negative
712783083,2025-07-25,Worst customer service I've ever experienced. Closing my account.,-0.6249,negative
712783083,2025-09-22,This is absolutely unacceptable. I've been charged twice and no one helps.,-0.5709,negative
712783083,2025-06-11,App keeps crashing and support doesn't respond. Extremely frustrated.,0.6901,neutral
804415083,2025-04-27,I was promised a resolution two weeks ago. Nothing. I'm leaving.,0.3612,neutral
804415083,2025-09-04,App keeps crashing and support doesn't respond. Extremely frustrated.,0.6901,neutral
769883733,2025-06-11,App keeps crashing and support doesn't respond. Extremely frustrated.,0.6901,neutral
709249083,2025-07-23,Worst customer service I've ever experienced. Closing my account.,-0.6249,negative
711253383,2025-12-14,Hidden fees again. Done with this bank. Transferring everything out.,0.0,neutral
711253383,2025-10-30,App keeps crashing and support doesn't respond. Extremely frustrated.,0.6901,neutral
719449533,2025-05-21,App keeps crashing and support doesn't respond. Extremely frustrated.,0.6901,neutral
719449533,2025-08-21,This is absolutely unacceptable. I've been charged twice and no one helps.,-0.5709,negative
720197058,2025-03-06,App keeps crashing and support doesn't respond. Extremely frustrated.,0.6901,neutral
720197058,2025-04-07,This is absolutely unacceptable. I've been charged twice and no one helps.,-0.5709,negative
720197058,2025-05-10,Worst customer service I've ever experienced. Closing my account.,-0.6249,negative
714100008,2025-03-02,Hidden fees again. Done with this bank. Transferring everything out.,0.0,neutral
714100008,2025-10-24,I was promised a resolution two weeks ago. Nothing. I'm leaving.,0.3612,neutral
714100008,2025-11-28,This is absolutely unacceptable. I've been charged twice and no one helps.,-0.5709,negative
719751483,2025-11-08,Hidden fees again. Done with this bank. Transferring everything out.,0.0,neutral
719751483,2025-04-09,I was promised a resolution two weeks ago. Nothing. I'm leaving.,0.3612,neutral
719751483,2025-03-11,This is absolutely unacceptable. I've been charged twice and no one helps.,-0.5709,negative
716390958,2025-11-03,This is absolutely unacceptable. I've been charged twice and no one helps.,-0.5709,negative
716390958,2025-11-06,Worst customer service I've ever experienced. Closing my account.,-0.6249,negative
708949908,2025-06-27,I was promised a resolution two weeks ago. Nothing. I'm leaving.,0.3612,neutral
708949908,2025-06-23,App keeps crashing and support doesn't respond. Extremely frustrated.,0.6901,neutral
708949908,2025-03-02,Hidden fees again. Done with this bank. Transferring everything out.,0.0,neutral
779931783,2025-08-17,Worst customer service I've ever experienced. Closing my account.,-0.6249,negative
779931783,2025-02-07,This is absolutely unacceptable. I've been charged twice and no one helps.,-0.5709,negative
715327683,2025-05-09,Worst customer service I've ever experienced. Closing my account.,-0.6249,negative
713772333,2025-08-10,Hidden fees again. Done with this bank. Transferring everything out.,0.0,neutral
713772333,2025-02-03,I was promised a resolution two weeks ago. Nothing. I'm leaving.,0.3612,neutral
715570533,2025-09-17,This is absolutely unacceptable. I've been charged twice and no one helps.,-0.5709,negative
713733633,2025-01-04,App keeps crashing and support doesn't respond. Extremely frustrated.,0.6901,neutral
713733633,2025-10-04,This is absolutely unacceptable. I've been charged twice and no one helps.,-0.5709,negative
713733633,2025-10-28,This is absolutely unacceptable. I've been charged twice and no one helps.,-0.5709,negative
778272408,2025-05-25,Hidden fees again. Done with this bank. Transferring everything out.,0.0,neutral
720142308,2025-07-26,This is absolutely unacceptable. I've been charged twice and no one helps.,-0.5709,negative
720142308,2025-12-14,This is absolutely unacceptable. I've been charged twice and no one helps.,-0.5709,negative
720142308,2025-02-17,App keeps crashing and support doesn't respond. Extremely frustrated.,0.6901,neutral
714520233,2025-12-13,App keeps crashing and support doesn't respond. Extremely frustrated.,0.6901,neutral
714520233,2025-03-25,This is absolutely unacceptable. I've been charged twice and no one helps.,-0.5709,negative
719309958,2025-12-31,I was promised a resolution two weeks ago. Nothing. I'm leaving.,0.3612,neutral
803796708,2025-12-11,Worst customer service I've ever experienced. Closing my account.,-0.6249,negative
803796708,2025-04-07,App keeps crashing and support doesn't respond. Extremely frustrated.,0.6901,neutral
803796708,2025-03-21,Worst customer service I've ever experienced. Closing my account.,-0.6249,negative
778397358,2025-07-15,I was promised a resolution two weeks ago. Nothing. I'm leaving.,0.3612,neutral
778397358,2025-03-11,Worst customer service I've ever experienced. Closing my account.,-0.6249,negative
778397358,2025-02-03,I was promised a resolution two weeks ago. Nothing. I'm leaving.,0.3612,neutral
771809733,2025-06-11,This is absolutely unacceptable. I've been charged twice and no one helps.,-0.5709,negative
771809733,2025-08-10,App keeps crashing and support doesn't respond. Extremely frustrated.,0.6901,neutral
714967233,2025-10-31,App keeps crashing and support doesn't respond. Extremely frustrated.,0.6901,neutral
784895358,2025-06-10,App keeps crashing and support doesn't respond. Extremely frustrated.,0.6901,neutral
714960408,2025-07-31,This is absolutely unacceptable. I've been charged twice and no one helps.,-0.5709,negative
714960408,2025-12-07,I was promised a resolution two weeks ago. Nothing. I'm leaving.,0.3612,neutral
709500183,2025-10-09,I was promised a resolution two weeks ago. Nothing. I'm leaving.,0.3612,neutral
718653333,2025-04-17,This is absolutely unacceptable. I've been charged twice and no one helps.,-0.5709,negative
718653333,2025-08-17,I was promised a resolution two weeks ago. Nothing. I'm leaving.,0.3612,neutral
718614183,2025-04-25,Worst customer service I've ever experienced. Closing my account.,-0.6249,negative
763895958,2025-10-03,I was promised a resolution two weeks ago. Nothing. I'm leaving.,0.3612,neutral
763895958,2025-10-10,App keeps crashing and support doesn't respond. Extremely frustrated.,0.6901,neutral
708301683,2025-09-22,Hidden fees again. Done with this bank. Transferring everything out.,0.0,neutral
708301683,2025-06-30,Hidden fees again. Done with this bank. Transferring everything out.,0.0,neutral
715485483,2025-06-30,App keeps crashing and support doesn't respond. Extremely frustrated.,0.6901,neutral
715485483,2025-05-13,This is absolutely unacceptable. I've been charged twice and no one helps.,-0.5709,negative
709581483,2025-12-29,This is absolutely unacceptable. I've been charged twice and no one helps.,-0.5709,negative
717219933,2025-01-12,App keeps crashing and support doesn't respond. Extremely frustrated.,0.6901,neutral
717219933,2025-05-15,Hidden fees again. Done with this bank. Transferring everything out.,0.0,neutral
708841233,2025-02-19,Worst customer service I've ever experienced. Closing my account.,-0.6249,negative
708841233,2025-08-11,Hidden fees again. Done with this bank. Transferring everything out.,0.0,neutral
720597108,2025-06-01,I was promised a resolution two weeks ago. Nothing. I'm leaving.,0.3612,neutral
720597108,2025-03-12,This is absolutely unacceptable. I've been charged twice and no one helps.,-0.5709,negative
720597108,2025-09-04,I was promised a resolution two weeks ago. Nothing. I'm leaving.,0.3612,neutral
780292683,2025-05-26,App keeps crashing and support doesn't respond. Extremely frustrated.,0.6901,neutral
780292683,2025-11-30,App keeps crashing and support doesn't respond. Extremely frustrated.,0.6901,neutral
780292683,2025-04-23,Worst customer service I've ever experienced. Closing my account.,-0.6249,negative
779302233,2025-01-13,App keeps crashing and support doesn't respond. Extremely frustrated.,0.6901,neutral
779302233,2025-11-08,Worst customer service I've ever experienced. Closing my account.,-0.6249,negative
779302233,2025-05-24,Hidden fees again. Done with this bank. Transferring everything out.,0.0,neutral
710170758,2025-05-30,Worst customer service I've ever experienced. Closing my account.,-0.6249,negative
710170758,2025-03-24,App keeps crashing and support doesn't respond. Extremely frustrated.,0.6901,neutral
710170758,2025-10-25,I was promised a resolution two weeks ago. Nothing. I'm leaving.,0.3612,neutral
712829808,2025-09-25,I was promised a resolution two weeks ago. Nothing. I'm leaving.,0.3612,neutral
712829808,2025-01-15,Hidden fees again. Done with this bank. Transferring everything out.,0.0,neutral
709170108,2025-09-05,I was promised a resolution two weeks ago. Nothing. I'm leaving.,0.3612,neutral
709170108,2025-02-04,Worst customer service I've ever experienced. Closing my account.,-0.6249,negative
794560833,2025-08-29,I was promised a resolution two weeks ago. Nothing. I'm leaving.,0.3612,neutral
794560833,2025-12-19,I was promised a resolution two weeks ago. Nothing. I'm leaving.,0.3612,neutral
720739083,2025-06-13,Worst customer service I've ever experienced. Closing my account.,-0.6249,negative
720739083,2025-03-29,Worst customer service I've ever experienced. Closing my account.,-0.6249,negative
720739083,2025-12-14,This is absolutely unacceptable. I've been charged twice and no one helps.,-0.5709,negative
711873033,2025-03-31,I was promised a resolution two weeks ago. Nothing. I'm leaving.,0.3612,neutral
711873033,2025-02-14,App keeps crashing and support doesn't respond. Extremely frustrated.,0.6901,neutral
708687483,2025-12-10,This is absolutely unacceptable. I've been charged twice and no one helps.,-0.5709,negative
801380808,2025-01-06,Worst customer service I've ever experienced. Closing my account.,-0.6249,negative
801380808,2025-06-11,App keeps crashing and support doesn't respond. Extremely frustrated.,0.6901,neutral
801380808,2025-07-16,Hidden fees again. Done with this bank. Transferring everything out.,0.0,neutral
710138883,2025-06-09,I was promised a resolution two weeks ago. Nothing. I'm leaving.,0.3612,neutral
710138883,2025-10-08,This is absolutely unacceptable. I've been charged twice and no one helps.,-0.5709,negative
710138883,2025-02-03,This is absolutely unacceptable. I've been charged twice and no one helps.,-0.5709,negative
779471883,2025-04-25,I was promised a resolution two weeks ago. Nothing. I'm leaving.,0.3612,neutral
779471883,2025-11-11,Worst customer service I've ever experienced. Closing my account.,-0.6249,negative
779471883,2025-04-10,Worst customer service I've ever experienced. Closing my account.,-0.6249,negative
711887583,2025-01-11,Hidden fees again. Done with this bank. Transferring everything out.,0.0,neutral
803028858,2025-02-19,Hidden fees again. Done with this bank. Transferring everything out.,0.0,neutral
715919283,2025-08-08,Worst customer service I've ever experienced. Closing my account.,-0.6249,negative
715919283,2025-04-20,This is absolutely unacceptable. I've been charged twice and no one helps.,-0.5709,negative
715919283,2025-10-01,Worst customer service I've ever experienced. Closing my account.,-0.6249,negative
779279883,2025-04-12,This is absolutely unacceptable. I've been charged twice and no one helps.,-0.5709,negative
714614133,2025-07-21,Hidden fees again. Done with this bank. Transferring everything out.,0.0,neutral
721451208,2025-02-05,Hidden fees again. Done with this bank. Transferring everything out.,0.0,neutral
721451208,2025-01-21,I was promised a resolution two weeks ago. Nothing. I'm leaving.,0.3612,neutral
720128658,2025-02-11,App keeps crashing and support doesn't respond. Extremely frustrated.,0.6901,neutral
720128658,2025-01-05,I was promised a resolution two weeks ago. Nothing. I'm leaving.,0.3612,neutral
720128658,2025-12-29,This is absolutely unacceptable. I've been charged twice and no one helps.,-0.5709,negative
772273983,2025-07-30,I was promised a resolution two weeks ago. Nothing. I'm leaving.,0.3612,neutral
772273983,2025-06-19,This is absolutely unacceptable. I've been charged twice and no one helps.,-0.5709,negative
772273983,2025-06-17,I was promised a resolution two weeks ago. Nothing. I'm leaving.,0.3612,neutral
717047583,2025-05-09,Worst customer service I've ever experienced. Closing my account.,-0.6249,negative
720272958,2025-04-20,Worst customer service I've ever experienced. Closing my account.,-0.6249,negative
711150333,2025-05-29,Worst customer service I've ever experienced. Closing my account.,-0.6249,negative
711150333,2025-03-23,Hidden fees again. Done with this bank. Transferring everything out.,0.0,neutral
711150333,2025-12-16,Hidden fees again. Done with this bank. Transferring everything out.,0.0,neutral
718230933,2025-05-30,App keeps crashing and support doesn't respond. Extremely frustrated.,0.6901,neutral
715496058,2025-01-05,I was promised a resolution two weeks ago. Nothing. I'm leaving.,0.3612,neutral
712578933,2025-08-08,App keeps crashing and support doesn't respond. Extremely frustrated.,0.6901,neutral
712578933,2025-03-30,App keeps crashing and support doesn't respond. Extremely frustrated.,0.6901,neutral
712721358,2025-10-28,Hidden fees again. Done with this bank. Transferring everything out.,0.0,neutral
712721358,2025-01-09,Worst customer service I've ever experienced. Closing my account.,-0.6249,negative
712721358,2025-04-22,I was promised a resolution two weeks ago. Nothing. I'm leaving.,0.3612,neutral
714527433,2025-03-03,App keeps crashing and support doesn't respond. Extremely frustrated.,0.6901,neutral
714527433,2025-07-16,Worst customer service I've ever experienced. Closing my account.,-0.6249,negative
714527433,2025-12-14,This is absolutely unacceptable. I've been charged twice and no one helps.,-0.5709,negative
715622508,2025-02-17,Hidden fees again. Done with this bank. Transferring everything out.,0.0,neutral
787665258,2025-07-06,This is absolutely unacceptable. I've been charged twice and no one helps.,-0.5709,negative
711886383,2025-03-24,Hidden fees again. Done with this bank. Transferring everything out.,0.0,neutral
711886383,2025-03-10,I was promised a resolution two weeks ago. Nothing. I'm leaving.,0.3612,neutral
718160358,2025-04-28,App keeps crashing and support doesn't respond. Extremely frustrated.,0.6901,neutral
718160358,2025-02-09,App keeps crashing and support doesn't respond. Extremely frustrated.,0.6901,neutral
779348358,2025-10-24,I was promised a resolution two weeks ago. Nothing. I'm leaving.,0.3612,neutral
779502333,2025-09-10,Hidden fees again. Done with this bank. Transferring everything out.,0.0,neutral
779502333,2025-11-06,Worst customer service I've ever experienced. Closing my account.,-0.6249,negative
779502333,2025-09-30,I was promised a resolution two weeks ago. Nothing. I'm leaving.,0.3612,neutral
719211558,2025-06-07,This is absolutely unacceptable. I've been charged twice and no one helps.,-0.5709,negative
719211558,2025-08-23,I was promised a resolution two weeks ago. Nothing. I'm leaving.,0.3612,neutral
719211558,2025-11-23,App keeps crashing and support doesn't respond. Extremely frustrated.,0.6901,neutral
708633783,2025-11-01,Hidden fees again. Done with this bank. Transferring everything out.,0.0,neutral
771795933,2025-03-13,Worst customer service I've ever experienced. Closing my account.,-0.6249,negative
771795933,2025-09-30,Worst customer service I've ever experienced. Closing my account.,-0.6249,negative
771795933,2025-04-14,Worst customer service I've ever experienced. Closing my account.,-0.6249,negative
716223708,2025-09-12,I was promised a resolution two weeks ago. Nothing. I'm leaving.,0.3612,neutral
716223708,2025-10-10,Hidden fees again. Done with this bank. Transferring everything out.,0.0,neutral
716223708,2025-11-21,Hidden fees again. Done with this bank. Transferring everything out.,0.0,neutral
720007383,2025-12-28,App keeps crashing and support doesn't respond. Extremely frustrated.,0.6901,neutral
720007383,2025-06-18,I was promised a resolution two weeks ago. Nothing. I'm leaving.,0.3612,neutral
720007383,2025-10-19,I was promised a resolution two weeks ago. Nothing. I'm leaving.,0.3612,neutral
773667708,2025-09-27,App keeps crashing and support doesn't respond. Extremely frustrated.,0.6901,neutral
773667708,2025-11-08,Hidden fees again. Done with this bank. Transferring everything out.,0.0,neutral
752604633,2025-02-21,Hidden fees again. Done with this bank. Transferring everything out.,0.0,neutral
752604633,2025-07-14,App keeps crashing and support doesn't respond. Extremely frustrated.,0.6901,neutral
752604633,2025-10-28,Hidden fees again. Done with this bank. Transferring everything out.,0.0,neutral
713186058,2025-08-16,I was promised a resolution two weeks ago. Nothing. I'm leaving.,0.3612,neutral
713186058,2025-10-30,I was promised a resolution two weeks ago. Nothing. I'm leaving.,0.3612,neutral
713186058,2025-05-20,Worst customer service I've ever experienced. Closing my account.,-0.6249,negative
709206333,2025-08-26,This is absolutely unacceptable. I've been charged twice and no one helps.,-0.5709,negative
809951133,2025-07-13,Worst customer service I've ever experienced. Closing my account.,-0.6249,negative
809951133,2025-01-24,Worst customer service I've ever experienced. Closing my account.,-0.6249,negative
809951133,2025-10-17,App keeps crashing and support doesn't respond. Extremely frustrated.,0.6901,neutral
789907533,2025-02-16,Hidden fees again. Done with this bank. Transferring everything out.,0.0,neutral
710284233,2025-06-12,App keeps crashing and support doesn't respond. Extremely frustrated.,0.6901,neutral
710284233,2025-06-11,Hidden fees again. Done with this bank. Transferring everything out.,0.0,neutral
798792408,2025-05-23,App keeps crashing and support doesn't respond. Extremely frustrated.,0.6901,neutral
712768983,2025-03-18,This is absolutely unacceptable. I've been charged twice and no one helps.,-0.5709,negative
712768983,2025-06-13,This is absolutely unacceptable. I've been charged twice and no one helps.,-0.5709,negative
708821733,2025-05-29,This is absolutely unacceptable. I've been charged twice and no one helps.,-0.5709,negative
713027058,2025-12-14,Worst customer service I've ever experienced. Closing my account.,-0.6249,negative
713027058,2025-10-14,Hidden fees again. Done with this bank. Transferring everything out.,0.0,neutral
767294658,2025-04-01,I was promised a resolution two weeks ago. Nothing. I'm leaving.,0.3612,neutral
767294658,2025-05-01,App keeps crashing and support doesn't respond. Extremely frustrated.,0.6901,neutral
716858433,2025-12-29,I was promised a resolution two weeks ago. Nothing. I'm leaving.,0.3612,neutral
716858433,2025-12-23,Worst customer service I've ever experienced. Closing my account.,-0.6249,negative
708702258,2025-04-28,App keeps crashing and support doesn't respond. Extremely frustrated.,0.6901,neutral
708702258,2025-07-27,App keeps crashing and support doesn't respond. Extremely frustrated.,0.6901,neutral
708702258,2025-06-29,App keeps crashing and support doesn't respond. Extremely frustrated.,0.6901,neutral
708373083,2025-05-08,This is absolutely unacceptable. I've been charged twice and no one helps.,-0.5709,negative
709649958,2025-12-18,Hidden fees again. Done with this bank. Transferring everything out.,0.0,neutral
709649958,2025-08-23,This is absolutely unacceptable. I've been charged twice and no one helps.,-0.5709,negative
709649958,2025-10-24,This is absolutely unacceptable. I've been charged twice and no one helps.,-0.5709,negative
780720258,2025-05-02,App keeps crashing and support doesn't respond. Extremely frustrated.,0.6901,neutral
780720258,2025-01-11,Worst customer service I've ever experienced. Closing my account.,-0.6249,negative
780720258,2025-10-25,I was promised a resolution two weeks ago. Nothing. I'm leaving.,0.3612,neutral
795784008,2025-05-01,This is absolutely unacceptable. I've been charged twice and no one helps.,-0.5709,negative
780201633,2025-09-03,Hidden fees again. Done with this bank. Transferring everything out.,0.0,neutral
780201633,2025-09-18,This is absolutely unacceptable. I've been charged twice and no one helps.,-0.5709,negative
780201633,2025-08-11,This is absolutely unacceptable. I've been charged twice and no one helps.,-0.5709,negative
781137783,2025-07-20,App keeps crashing and support doesn't respond. Extremely frustrated.,0.6901,neutral
781137783,2025-03-08,App keeps crashing and support doesn't respond. Extremely frustrated.,0.6901,neutral
781137783,2025-09-04,Worst customer service I've ever experienced. Closing my account.,-0.6249,negative
716600733,2025-12-29,Hidden fees again. Done with this bank. Transferring everything out.,0.0,neutral
716600733,2025-07-31,I was promised a resolution two weeks ago. Nothing. I'm leaving.,0.3612,neutral
720330558,2025-03-07,This is absolutely unacceptable. I've been charged twice and no one helps.,-0.5709,negative
720330558,2025-01-13,App keeps crashing and support doesn't respond. Extremely frustrated.,0.6901,neutral
822084333,2025-12-16,App keeps crashing and support doesn't respond. Extremely frustrated.,0.6901,neutral
822084333,2025-06-06,Hidden fees again. Done with this bank. Transferring everything out.,0.0,neutral
711144183,2025-10-08,App keeps crashing and support doesn't respond. Extremely frustrated.,0.6901,neutral
718732833,2025-01-05,I was promised a resolution two weeks ago. Nothing. I'm leaving.,0.3612,neutral
718732833,2025-05-27,Worst customer service I've ever experienced. Closing my account.,-0.6249,negative
768243858,2025-01-04,App keeps crashing and support doesn't respond. Extremely frustrated.,0.6901,neutral
768243858,2025-09-25,App keeps crashing and support doesn't respond. Extremely frustrated.,0.6901,neutral
717371583,2025-01-04,Hidden fees again. Done with this bank. Transferring everything out.,0.0,neutral
713865333,2025-09-16,Worst customer service I've ever experienced. Closing my account.,-0.6249,negative
714013983,2025-04-11,I was promised a resolution two weeks ago. Nothing. I'm leaving.,0.3612,neutral
714013983,2025-04-21,I was promised a resolution two weeks ago. Nothing. I'm leaving.,0.3612,neutral
714208533,2025-05-19,This is absolutely unacceptable. I've been charged twice and no one helps.,-0.5709,negative
714208533,2025-09-03,App keeps crashing and support doesn't respond. Extremely frustrated.,0.6901,neutral
714208533,2025-12-06,App keeps crashing and support doesn't respond. Extremely frustrated.,0.6901,neutral
775152708,2025-02-23,App keeps crashing and support doesn't respond. Extremely frustrated.,0.6901,neutral
782802033,2025-10-10,I was promised a resolution two weeks ago. Nothing. I'm leaving.,0.3612,neutral
717813558,2025-01-05,Worst customer service I've ever experienced. Closing my account.,-0.6249,negative
717813558,2025-10-13,Hidden fees again. Done with this bank. Transferring everything out.,0.0,neutral
717813558,2025-10-10,Worst customer service I've ever experienced. Closing my account.,-0.6249,negative
714659133,2025-06-07,Hidden fees again. Done with this bank. Transferring everything out.,0.0,neutral
714659133,2025-04-25,Hidden fees again. Done with this bank. Transferring everything out.,0.0,neutral
714659133,2025-03-01,This is absolutely unacceptable. I've been charged twice and no one helps.,-0.5709,negative
827898033,2025-01-23,App keeps crashing and support doesn't respond. Extremely frustrated.,0.6901,neutral
815353083,2025-04-09,This is absolutely unacceptable. I've been charged twice and no one helps.,-0.5709,negative
815353083,2025-08-29,Hidden fees again. Done with this bank. Transferring everything out.,0.0,neutral
815353083,2025-08-07,App keeps crashing and support doesn't respond. Extremely frustrated.,0.6901,neutral
823904133,2025-09-02,Worst customer service I've ever experienced. Closing my account.,-0.6249,negative
823904133,2025-05-29,App keeps crashing and support doesn't respond. Extremely frustrated.,0.6901,neutral
823904133,2025-10-28,App keeps crashing and support doesn't respond. Extremely frustrated.,0.6901,neutral
711448983,2025-06-10,Worst customer service I've ever experienced. Closing my account.,-0.6249,negative
711448983,2025-09-30,App keeps crashing and support doesn't respond. Extremely frustrated.,0.6901,neutral
711448983,2025-11-01,Worst customer service I've ever experienced. Closing my account.,-0.6249,negative
717174558,2025-04-10,Hidden fees again. Done with this bank. Transferring everything out.,0.0,neutral
717174558,2025-12-08,App keeps crashing and support doesn't respond. Extremely frustrated.,0.6901,neutral
717174558,2025-10-30,Hidden fees again. Done with this bank. Transferring everything out.,0.0,neutral
709564683,2025-02-14,Worst customer service I've ever experienced. Closing my account.,-0.6249,negative
709564683,2025-01-22,App keeps crashing and support doesn't respond. Extremely frustrated.,0.6901,neutral
713381433,2025-07-16,I was promised a resolution two weeks ago. Nothing. I'm leaving.,0.3612,neutral
713381433,2025-07-23,I was promised a resolution two weeks ago. Nothing. I'm leaving.,0.3612,neutral
715847058,2025-03-21,App keeps crashing and support doesn't respond. Extremely frustrated.,0.6901,neutral
715847058,2025-09-07,App keeps crashing and support doesn't respond. Extremely frustrated.,0.6901,neutral
715847058,2025-03-22,Worst customer service I've ever experienced. Closing my account.,-0.6249,negative
717412608,2025-06-06,I was promised a resolution two weeks ago. Nothing. I'm leaving.,0.3612,neutral
717412608,2025-12-20,I was promised a resolution two weeks ago. Nothing. I'm leaving.,0.3612,neutral
717412608,2025-04-08,Worst customer service I've ever experienced. Closing my account.,-0.6249,negative
712457208,2025-09-27,Worst customer service I've ever experienced. Closing my account.,-0.6249,negative
712457208,2025-08-13,Hidden fees again. Done with this bank. Transferring everything out.,0.0,neutral
719418933,2025-01-22,App keeps crashing and support doesn't respond. Extremely frustrated.,0.6901,neutral
719418933,2025-12-09,This is absolutely unacceptable. I've been charged twice and no one helps.,-0.5709,negative
719418933,2025-05-19,I was promised a resolution two weeks ago. Nothing. I'm leaving.,0.3612,neutral
715410783,2025-04-19,Worst customer service I've ever experienced. Closing my account.,-0.6249,negative
713206683,2025-03-04,Worst customer service I've ever experienced. Closing my account.,-0.6249,negative
713206683,2025-03-21,App keeps crashing and support doesn't respond. Extremely frustrated.,0.6901,neutral
713206683,2025-03-30,This is absolutely unacceptable. I've been charged twice and no one helps.,-0.5709,negative
720693033,2025-10-26,Hidden fees again. Done with this bank. Transferring everything out.,0.0,neutral
708660408,2025-01-22,This is absolutely unacceptable. I've been charged twice and no one helps.,-0.5709,negative
708660408,2025-06-25,Hidden fees again. Done with this bank. Transferring everything out.,0.0,neutral
769137108,2025-06-04,Worst customer service I've ever experienced. Closing my account.,-0.6249,negative
769137108,2025-10-21,This is absolutely unacceptable. I've been charged twice and no one helps.,-0.5709,negative
714848958,2025-05-18,I was promised a resolution two weeks ago. Nothing. I'm leaving.,0.3612,neutral
714848958,2025-06-02,This is absolutely unacceptable. I've been charged twice and no one helps.,-0.5709,negative
714848958,2025-12-14,App keeps crashing and support doesn't respond. Extremely frustrated.,0.6901,neutral
719519058,2025-06-11,Worst customer service I've ever experienced. Closing my account.,-0.6249,negative
718939083,2025-10-05,App keeps crashing and support doesn't respond. Extremely frustrated.,0.6901,neutral
718939083,2025-04-27,App keeps crashing and support doesn't respond. Extremely frustrated.,0.6901,neutral
715406658,2025-05-09,I was promised a resolution two weeks ago. Nothing. I'm leaving.,0.3612,neutral
715406658,2025-05-09,App keeps crashing and support doesn't respond. Extremely frustrated.,0.6901,neutral
715406658,2025-02-03,I was promised a resolution two weeks ago. Nothing. I'm leaving.,0.3612,neutral
750995508,2025-04-18,App keeps crashing and support doesn't respond. Extremely frustrated.,0.6901,neutral
750995508,2025-05-13,Hidden fees again. Done with this bank. Transferring everything out.,0.0,neutral
750995508,2025-04-05,Hidden fees again. Done with this bank. Transferring everything out.,0.0,neutral
771865908,2025-10-12,Worst customer service I've ever experienced. Closing my account.,-0.6249,negative
771865908,2025-09-22,I was promised a resolution two weeks ago. Nothing. I'm leaving.,0.3612,neutral
713931258,2025-06-17,I was promised a resolution two weeks ago. Nothing. I'm leaving.,0.3612,neutral
713931258,2025-03-26,I was promised a resolution two weeks ago. Nothing. I'm leaving.,0.3612,neutral
713931258,2025-08-26,I was promised a resolution two weeks ago. Nothing. I'm leaving.,0.3612,neutral
772292358,2025-07-25,I was promised a resolution two weeks ago. Nothing. I'm leaving.,0.3612,neutral
708799983,2025-08-14,Hidden fees again. Done with this bank. Transferring everything out.,0.0,neutral
711939558,2025-12-07,App keeps crashing and support doesn't respond. Extremely frustrated.,0.6901,neutral
711939558,2025-01-05,Hidden fees again. Done with this bank. Transferring everything out.,0.0,neutral
709707033,2025-07-05,Hidden fees again. Done with this bank. Transferring everything out.,0.0,neutral
778699908,2025-07-02,App keeps crashing and support doesn't respond. Extremely frustrated.,0.6901,neutral
809464608,2025-06-21,Hidden fees again. Done with this bank. Transferring everything out.,0.0,neutral
710754933,2025-01-02,I was promised a resolution two weeks ago. Nothing. I'm leaving.,0.3612,neutral
710754933,2025-10-22,This is absolutely unacceptable. I've been charged twice and no one helps.,-0.5709,negative
718152333,2025-07-07,This is absolutely unacceptable. I've been charged twice and no one helps.,-0.5709,negative
718152333,2025-05-21,This is absolutely unacceptable. I've been charged twice and no one helps.,-0.5709,negative
712706058,2025-03-18,App keeps crashing and support doesn't respond. Extremely frustrated.,0.6901,neutral
712706058,2025-10-02,App keeps crashing and support doesn't respond. Extremely frustrated.,0.6901,neutral
712706058,2025-03-26,App keeps crashing and support doesn't respond. Extremely frustrated.,0.6901,neutral
780511683,2025-11-15,App keeps crashing and support doesn't respond. Extremely frustrated.,0.6901,neutral
780511683,2025-02-04,Worst customer service I've ever experienced. Closing my account.,-0.6249,negative
719894433,2025-12-26,App keeps crashing and support doesn't respond. Extremely frustrated.,0.6901,neutral
719318583,2025-01-13,Worst customer service I've ever experienced. Closing my account.,-0.6249,negative
719318583,2025-12-21,I was promised a resolution two weeks ago. Nothing. I'm leaving.,0.3612,neutral
804673308,2025-08-25,I was promised a resolution two weeks ago. Nothing. I'm leaving.,0.3612,neutral
804673308,2025-04-17,Hidden fees again. Done with this bank. Transferring everything out.,0.0,neutral
804673308,2025-01-07,I was promised a resolution two weeks ago. Nothing. I'm leaving.,0.3612,neutral
719168883,2025-09-18,This is absolutely unacceptable. I've been charged twice and no one helps.,-0.5709,negative
769575783,2025-05-14,I was promised a resolution two weeks ago. Nothing. I'm leaving.,0.3612,neutral
769575783,2025-07-05,This is absolutely unacceptable. I've been charged twice and no one helps.,-0.5709,negative
713131158,2025-05-11,I was promised a resolution two weeks ago. Nothing. I'm leaving.,0.3612,neutral
713131158,2025-08-03,Hidden fees again. Done with this bank. Transferring everything out.,0.0,neutral
713131158,2025-06-22,I was promised a resolution two weeks ago. Nothing. I'm leaving.,0.3612,neutral
801715383,2025-03-02,I was promised a resolution two weeks ago. Nothing. I'm leaving.,0.3612,neutral
719602908,2025-05-12,Worst customer service I've ever experienced. Closing my account.,-0.6249,negative
719602908,2025-10-12,Hidden fees again. Done with this bank. Transferring everything out.,0.0,neutral
714076683,2025-02-19,This is absolutely unacceptable. I've been charged twice and no one helps.,-0.5709,negative
714076683,2025-01-14,I was promised a resolution two weeks ago. Nothing. I'm leaving.,0.3612,neutral
714076683,2025-10-14,This is absolutely unacceptable. I've been charged twice and no one helps.,-0.5709,negative
716790633,2025-05-08,I was promised a resolution two weeks ago. Nothing. I'm leaving.,0.3612,neutral
716790633,2025-02-06,I was promised a resolution two weeks ago. Nothing. I'm leaving.,0.3612,neutral
716790633,2025-04-17,Hidden fees again. Done with this bank. Transferring everything out.,0.0,neutral
721249158,2025-07-17,Hidden fees again. Done with this bank. Transferring everything out.,0.0,neutral
721249158,2025-11-19,I was promised a resolution two weeks ago. Nothing. I'm leaving.,0.3612,neutral
721249158,2025-02-28,App keeps crashing and support doesn't respond. Extremely frustrated.,0.6901,neutral
713891133,2025-08-18,Worst customer service I've ever experienced. Closing my account.,-0.6249,negative
770038983,2025-10-05,App keeps crashing and support doesn't respond. Extremely frustrated.,0.6901,neutral
768162108,2025-07-25,This is absolutely unacceptable. I've been charged twice and no one helps.,-0.5709,negative
710639658,2025-07-21,App keeps crashing and support doesn't respond. Extremely frustrated.,0.6901,neutral
710639658,2025-03-31,I was promised a resolution two weeks ago. Nothing. I'm leaving.,0.3612,neutral
814765533,2025-05-18,I was promised a resolution two weeks ago. Nothing. I'm leaving.,0.3612,neutral
814765533,2025-04-09,App keeps crashing and support doesn't respond. Extremely frustrated.,0.6901,neutral
715664808,2025-11-09,I was promised a resolution two weeks ago. Nothing. I'm leaving.,0.3612,neutral
778929783,2025-09-15,Hidden fees again. Done with this bank. Transferring everything out.,0.0,neutral
778929783,2025-09-07,This is absolutely unacceptable. I've been charged twice and no one helps.,-0.5709,negative
778929783,2025-02-27,Hidden fees again. Done with this bank. Transferring everything out.,0.0,neutral
713788083,2025-08-28,App keeps crashing and support doesn't respond. Extremely frustrated.,0.6901,neutral
713945883,2025-01-30,App keeps crashing and support doesn't respond. Extremely frustrated.,0.6901,neutral
713945883,2025-05-06,Worst customer service I've ever experienced. Closing my account.,-0.6249,negative
709823733,2025-11-16,Worst customer service I've ever experienced. Closing my account.,-0.6249,negative
709823733,2025-06-16,I was promised a resolution two weeks ago. Nothing. I'm leaving.,0.3612,neutral
711487533,2025-04-17,I was promised a resolution two weeks ago. Nothing. I'm leaving.,0.3612,neutral
711487533,2025-12-30,This is absolutely unacceptable. I've been charged twice and no one helps.,-0.5709,negative
721532583,2025-10-26,Hidden fees again. Done with this bank. Transferring everything out.,0.0,neutral
721532583,2025-09-18,This is absolutely unacceptable. I've been charged twice and no one helps.,-0.5709,negative
769396158,2025-06-17,Hidden fees again. Done with this bank. Transferring everything out.,0.0,neutral
769396158,2025-12-05,This is absolutely unacceptable. I've been charged twice and no one helps.,-0.5709,negative
769396158,2025-02-14,Worst customer service I've ever experienced. Closing my account.,-0.6249,negative
716575758,2025-11-23,This is absolutely unacceptable. I've been charged twice and no one helps.,-0.5709,negative
714959358,2025-08-06,Hidden fees again. Done with this bank. Transferring everything out.,0.0,neutral
714959358,2025-12-09,Worst customer service I've ever experienced. Closing my account.,-0.6249,negative
719714658,2025-09-03,App keeps crashing and support doesn't respond. Extremely frustrated.,0.6901,neutral
710958933,2025-01-13,I was promised a resolution two weeks ago. Nothing. I'm leaving.,0.3612,neutral
710958933,2025-01-26,Worst customer service I've ever experienced. Closing my account.,-0.6249,negative
710958933,2025-12-30,App keeps crashing and support doesn't respond. Extremely frustrated.,0.6901,neutral
717208833,2025-11-06,App keeps crashing and support doesn't respond. Extremely frustrated.,0.6901,neutral
717208833,2025-06-19,App keeps crashing and support doesn't respond. Extremely frustrated.,0.6901,neutral
718975083,2025-08-11,I was promised a resolution two weeks ago. Nothing. I'm leaving.,0.3612,neutral
718975083,2025-08-31,Hidden fees again. Done with this bank. Transferring everything out.,0.0,neutral
789923058,2025-12-16,Hidden fees again. Done with this bank. Transferring everything out.,0.0,neutral
789923058,2025-03-28,This is absolutely unacceptable. I've been charged twice and no one helps.,-0.5709,negative
789923058,2025-07-22,Worst customer service I've ever experienced. Closing my account.,-0.6249,negative
712901283,2025-08-26,App keeps crashing and support doesn't respond. Extremely frustrated.,0.6901,neutral
712901283,2025-08-29,Hidden fees again. Done with this bank. Transferring everything out.,0.0,neutral
712901283,2025-11-15,I was promised a resolution two weeks ago. Nothing. I'm leaving.,0.3612,neutral
813053733,2025-10-14,I was promised a resolution two weeks ago. Nothing. I'm leaving.,0.3612,neutral
813053733,2025-10-10,App keeps crashing and support doesn't respond. Extremely frustrated.,0.6901,neutral
717579258,2025-05-24,Worst customer service I've ever experienced. Closing my account.,-0.6249,negative
796903083,2025-06-10,Worst customer service I've ever experienced. Closing my account.,-0.6249,negative
796903083,2025-12-06,App keeps crashing and support doesn't respond. Extremely frustrated.,0.6901,neutral
709435533,2025-11-09,I was promised a resolution two weeks ago. Nothing. I'm leaving.,0.3612,neutral
716709858,2025-09-16,This is absolutely unacceptable. I've been charged twice and no one helps.,-0.5709,negative
716709858,2025-12-22,I was promised a resolution two weeks ago. Nothing. I'm leaving.,0.3612,neutral
714983283,2025-10-01,This is absolutely unacceptable. I've been charged twice and no one helps.,-0.5709,negative
770842833,2025-12-20,App keeps crashing and support doesn't respond. Extremely frustrated.,0.6901,neutral
717949008,2025-10-04,Hidden fees again. Done with this bank. Transferring everything out.,0.0,neutral
767784708,2025-10-02,This is absolutely unacceptable. I've been charged twice and no one helps.,-0.5709,negative
709079883,2025-06-28,This is absolutely unacceptable. I've been charged twice and no one helps.,-0.5709,negative
780660183,2025-02-08,Hidden fees again. Done with this bank. Transferring everything out.,0.0,neutral
780660183,2025-08-03,I was promised a resolution two weeks ago. Nothing. I'm leaving.,0.3612,neutral
780660183,2025-07-13,Hidden fees again. Done with this bank. Transferring everything out.,0.0,neutral
812420358,2025-05-15,This is absolutely unacceptable. I've been charged twice and no one helps.,-0.5709,negative
812420358,2025-06-13,Hidden fees again. Done with this bank. Transferring everything out.,0.0,neutral
708983658,2025-10-21,This is absolutely unacceptable. I've been charged twice and no one helps.,-0.5709,negative
772407333,2025-04-10,This is absolutely unacceptable. I've been charged twice and no one helps.,-0.5709,negative
717354558,2025-05-09,I was promised a resolution two weeks ago. Nothing. I'm leaving.,0.3612,neutral
717354558,2025-11-27,App keeps crashing and support doesn't respond. Extremely frustrated.,0.6901,neutral
819943458,2025-10-29,Worst customer service I've ever experienced. Closing my account.,-0.6249,negative
711234783,2025-10-17,App keeps crashing and support doesn't respond. Extremely frustrated.,0.6901,neutral
711234783,2025-07-22,Worst customer service I've ever experienced. Closing my account.,-0.6249,negative
711249858,2025-12-07,I was promised a resolution two weeks ago. Nothing. I'm leaving.,0.3612,neutral
711249858,2025-01-07,I was promised a resolution two weeks ago. Nothing. I'm leaving.,0.3612,neutral
712257258,2025-12-03,Worst customer service I've ever experienced. Closing my account.,-0.6249,negative
712257258,2025-10-08,I was promised a resolution two weeks ago. Nothing. I'm leaving.,0.3612,neutral
712257258,2025-10-31,I was promised a resolution two weeks ago. Nothing. I'm leaving.,0.3612,neutral
709444983,2025-05-20,Worst customer service I've ever experienced. Closing my account.,-0.6249,negative
709444983,2025-02-11,Hidden fees again. Done with this bank. Transferring everything out.,0.0,neutral
709444983,2025-12-13,Hidden fees again. Done with this bank. Transferring everything out.,0.0,neutral
779530908,2025-12-15,Worst customer service I've ever experienced. Closing my account.,-0.6249,negative
779530908,2025-07-11,Hidden fees again. Done with this bank. Transferring everything out.,0.0,neutral
778837083,2025-12-10,Worst customer service I've ever experienced. Closing my account.,-0.6249,negative
778837083,2025-12-29,I was promised a resolution two weeks ago. Nothing. I'm leaving.,0.3612,neutral
717725433,2025-04-03,This is absolutely unacceptable. I've been charged twice and no one helps.,-0.5709,negative
717725433,2025-05-22,Worst customer service I've ever experienced. Closing my account.,-0.6249,negative
709102458,2025-01-21,Hidden fees again. Done with this bank. Transferring everything out.,0.0,neutral
709102458,2025-04-18,App keeps crashing and support doesn't respond. Extremely frustrated.,0.6901,neutral
708508758,2025-07-28,App keeps crashing and support doesn't respond. Extremely frustrated.,0.6901,neutral
708508758,2025-08-10,Hidden fees again. Done with this bank. Transferring everything out.,0.0,neutral
714342033,2025-09-06,Hidden fees again. Done with this bank. Transferring everything out.,0.0,neutral
771061008,2025-11-27,I was promised a resolution two weeks ago. Nothing. I'm leaving.,0.3612,neutral
771061008,2025-10-07,I was promised a resolution two weeks ago. Nothing. I'm leaving.,0.3612,neutral
771061008,2025-03-11,Worst customer service I've ever experienced. Closing my account.,-0.6249,negative
712433508,2025-10-01,I was promised a resolution two weeks ago. Nothing. I'm leaving.,0.3612,neutral
708455883,2025-10-27,I was promised a resolution two weeks ago. Nothing. I'm leaving.,0.3612,neutral
708455883,2025-07-19,Worst customer service I've ever experienced. Closing my account.,-0.6249,negative
708455883,2025-01-17,I was promised a resolution two weeks ago. Nothing. I'm leaving.,0.3612,neutral
710161083,2025-08-20,I was promised a resolution two weeks ago. Nothing. I'm leaving.,0.3612,neutral
710161083,2025-03-11,Hidden fees again. Done with this bank. Transferring everything out.,0.0,neutral
802002858,2025-11-18,Hidden fees again. Done with this bank. Transferring everything out.,0.0,neutral
802002858,2025-03-30,App keeps crashing and support doesn't respond. Extremely frustrated.,0.6901,neutral
713388108,2025-07-20,I was promised a resolution two weeks ago. Nothing. I'm leaving.,0.3612,neutral
713388108,2025-07-26,Worst customer service I've ever experienced. Closing my account.,-0.6249,negative
713388108,2025-07-29,App keeps crashing and support doesn't respond. Extremely frustrated.,0.6901,neutral
720353808,2025-09-12,Hidden fees again. Done with this bank. Transferring everything out.,0.0,neutral
713334483,2025-07-29,This is absolutely unacceptable. I've been charged twice and no one helps.,-0.5709,negative
714543633,2025-01-27,App keeps crashing and support doesn't respond. Extremely frustrated.,0.6901,neutral
714543633,2025-06-12,Worst customer service I've ever experienced. Closing my account.,-0.6249,negative
714543633,2025-03-22,I was promised a resolution two weeks ago. Nothing. I'm leaving.,0.3612,neutral
793630083,2025-04-13,App keeps crashing and support doesn't respond. Extremely frustrated.,0.6901,neutral
793630083,2025-03-27,Worst customer service I've ever experienced. Closing my account.,-0.6249,negative
793630083,2025-01-18,This is absolutely unacceptable. I've been charged twice and no one helps.,-0.5709,negative
809599158,2025-07-11,Hidden fees again. Done with this bank. Transferring everything out.,0.0,neutral
711430908,2025-05-12,This is absolutely unacceptable. I've been charged twice and no one helps.,-0.5709,negative
711430908,2025-11-20,Hidden fees again. Done with this bank. Transferring everything out.,0.0,neutral
713804883,2025-04-24,Hidden fees again. Done with this bank. Transferring everything out.,0.0,neutral
709199358,2025-07-12,I was promised a resolution two weeks ago. Nothing. I'm leaving.,0.3612,neutral
709199358,2025-02-07,This is absolutely unacceptable. I've been charged twice and no one helps.,-0.5709,negative
715701033,2025-05-19,This is absolutely unacceptable. I've been charged twice and no one helps.,-0.5709,negative
715701033,2025-11-07,App keeps crashing and support doesn't respond. Extremely frustrated.,0.6901,neutral
715701033,2025-01-31,App keeps crashing and support doesn't respond. Extremely frustrated.,0.6901,neutral
713084208,2025-05-10,App keeps crashing and support doesn't respond. Extremely frustrated.,0.6901,neutral
713084208,2025-12-10,I was promised a resolution two weeks ago. Nothing. I'm leaving.,0.3612,neutral
713084208,2025-08-03,This is absolutely unacceptable. I've been charged twice and no one helps.,-0.5709,negative
708186933,2025-06-05,Hidden fees again. Done with this bank. Transferring everything out.,0.0,neutral
708186933,2025-05-23,I was promised a resolution two weeks ago. Nothing. I'm leaving.,0.3612,neutral
708186933,2025-11-20,App keeps crashing and support doesn't respond. Extremely frustrated.,0.6901,neutral
741517458,2025-10-08,App keeps crashing and support doesn't respond. Extremely frustrated.,0.6901,neutral
741517458,2025-09-24,I was promised a resolution two weeks ago. Nothing. I'm leaving.,0.3612,neutral
711691608,2025-08-15,Worst customer service I've ever experienced. Closing my account.,-0.6249,negative
708801108,2025-05-09,Worst customer service I've ever experienced. Closing my account.,-0.6249,negative
708801108,2025-08-08,Worst customer service I've ever experienced. Closing my account.,-0.6249,negative
712021233,2025-08-13,Hidden fees again. Done with this bank. Transferring everything out.,0.0,neutral
712021233,2025-03-29,This is absolutely unacceptable. I've been charged twice and no one helps.,-0.5709,negative
712021233,2025-04-15,This is absolutely unacceptable. I've been charged twice and no one helps.,-0.5709,negative
828294933,2025-02-06,App keeps crashing and support doesn't respond. Extremely frustrated.,0.6901,neutral
828294933,2025-05-02,App keeps crashing and support doesn't respond. Extremely frustrated.,0.6901,neutral
828294933,2025-01-05,App keeps crashing and support doesn't respond. Extremely frustrated.,0.6901,neutral
716688183,2025-05-11,Hidden fees again. Done with this bank. Transferring everything out.,0.0,neutral
716688183,2025-12-17,App keeps crashing and support doesn't respond. Extremely frustrated.,0.6901,neutral
716688183,2025-09-15,Hidden fees again. Done with this bank. Transferring everything out.,0.0,neutral
803595858,2025-05-01,Worst customer service I've ever experienced. Closing my account.,-0.6249,negative
803595858,2025-05-21,This is absolutely unacceptable. I've been charged twice and no one helps.,-0.5709,negative
716668308,2025-07-30,Hidden fees again. Done with this bank. Transferring everything out.,0.0,neutral
716668308,2025-03-26,Hidden fees again. Done with this bank. Transferring everything out.,0.0,neutral
716668308,2025-04-15,Hidden fees again. Done with this bank. Transferring everything out.,0.0,neutral
718707933,2025-01-07,App keeps crashing and support doesn't respond. Extremely frustrated.,0.6901,neutral
718707933,2025-07-21,This is absolutely unacceptable. I've been charged twice and no one helps.,-0.5709,negative
718707933,2025-09-14,I was promised a resolution two weeks ago. Nothing. I'm leaving.,0.3612,neutral
716751858,2025-11-28,I was promised a resolution two weeks ago. Nothing. I'm leaving.,0.3612,neutral
714634983,2025-08-30,Worst customer service I've ever experienced. Closing my account.,-0.6249,negative
819688458,2025-05-14,App keeps crashing and support doesn't respond. Extremely frustrated.,0.6901,neutral
711790308,2025-05-24,Worst customer service I've ever experienced. Closing my account.,-0.6249,negative
807946833,2025-09-15,App keeps crashing and support doesn't respond. Extremely frustrated.,0.6901,neutral
720903258,2025-06-25,I was promised a resolution two weeks ago. Nothing. I'm leaving.,0.3612,neutral
720903258,2025-03-05,Hidden fees again. Done with this bank. Transferring everything out.,0.0,neutral
720903258,2025-10-04,This is absolutely unacceptable. I've been charged twice and no one helps.,-0.5709,negative
720370533,2025-11-17,Worst customer service I've ever experienced. Closing my account.,-0.6249,negative
716425833,2025-09-26,I was promised a resolution two weeks ago. Nothing. I'm leaving.,0.3612,neutral
716425833,2025-09-29,I was promised a resolution two weeks ago. Nothing. I'm leaving.,0.3612,neutral
716425833,2025-10-12,App keeps crashing and support doesn't respond. Extremely frustrated.,0.6901,neutral
789052308,2025-11-22,App keeps crashing and support doesn't respond. Extremely frustrated.,0.6901,neutral
789662283,2025-04-21,This is absolutely unacceptable. I've been charged twice and no one helps.,-0.5709,negative
713755458,2025-02-06,App keeps crashing and support doesn't respond. Extremely frustrated.,0.6901,neutral
713755458,2025-01-13,Hidden fees again. Done with this bank. Transferring everything out.,0.0,neutral
710278458,2025-03-08,Hidden fees again. Done with this bank. Transferring everything out.,0.0,neutral
828291858,2025-07-11,Worst customer service I've ever experienced. Closing my account.,-0.6249,negative
828291858,2025-12-06,This is absolutely unacceptable. I've been charged twice and no one helps.,-0.5709,negative
778708533,2025-03-24,This is absolutely unacceptable. I've been charged twice and no one helps.,-0.5709,negative
757247808,2025-11-29,Worst customer service I've ever experienced. Closing my account.,-0.6249,negative
757247808,2025-02-18,Hidden fees again. Done with this bank. Transferring everything out.,0.0,neutral
757247808,2025-01-06,I was promised a resolution two weeks ago. Nothing. I'm leaving.,0.3612,neutral
778617708,2025-04-23,This is absolutely unacceptable. I've been charged twice and no one helps.,-0.5709,negative
717696333,2025-04-25,I was promised a resolution two weeks ago. Nothing. I'm leaving.,0.3612,neutral
717696333,2025-02-08,This is absolutely unacceptable. I've been charged twice and no one helps.,-0.5709,negative
717696333,2025-09-26,Worst customer service I've ever experienced. Closing my account.,-0.6249,negative
710406633,2025-09-29,App keeps crashing and support doesn't respond. Extremely frustrated.,0.6901,neutral
710406633,2025-04-16,This is absolutely unacceptable. I've been charged twice and no one helps.,-0.5709,negative
710406633,2025-01-18,I was promised a resolution two weeks ago. Nothing. I'm leaving.,0.3612,neutral
771594783,2025-11-24,I was promised a resolution two weeks ago. Nothing. I'm leaving.,0.3612,neutral
771594783,2025-08-26,I was promised a resolution two weeks ago. Nothing. I'm leaving.,0.3612,neutral
709745508,2025-04-08,Hidden fees again. Done with this bank. Transferring everything out.,0.0,neutral
709745508,2025-01-20,Hidden fees again. Done with this bank. Transferring everything out.,0.0,neutral
709745508,2025-02-15,Hidden fees again. Done with this bank. Transferring everything out.,0.0,neutral
716573058,2025-01-28,Hidden fees again. Done with this bank. Transferring everything out.,0.0,neutral
716573058,2025-02-24,Hidden fees again. Done with this bank. Transferring everything out.,0.0,neutral
713399583,2025-05-23,I was promised a resolution two weeks ago. Nothing. I'm leaving.,0.3612,neutral
813810333,2025-02-12,This is absolutely unacceptable. I've been charged twice and no one helps.,-0.5709,negative
711716133,2025-06-03,App keeps crashing and support doesn't respond. Extremely frustrated.,0.6901,neutral
711716133,2025-07-08,I was promised a resolution two weeks ago. Nothing. I'm leaving.,0.3612,neutral
767712558,2025-12-05,I was promised a resolution two weeks ago. Nothing. I'm leaving.,0.3612,neutral
708916083,2025-08-14,This is absolutely unacceptable. I've been charged twice and no one helps.,-0.5709,negative
708916083,2025-01-09,Worst customer service I've ever experienced. Closing my account.,-0.6249,negative
708916083,2025-08-09,I was promised a resolution two weeks ago. Nothing. I'm leaving.,0.3612,neutral
711412533,2025-08-18,Hidden fees again. Done with this bank. Transferring everything out.,0.0,neutral
711412533,2025-10-15,App keeps crashing and support doesn't respond. Extremely frustrated.,0.6901,neutral
711412533,2025-06-05,This is absolutely unacceptable. I've been charged twice and no one helps.,-0.5709,negative
767553333,2025-01-08,Worst customer service I've ever experienced. Closing my account.,-0.6249,negative
767553333,2025-06-14,I was promised a resolution two weeks ago. Nothing. I'm leaving.,0.3612,neutral
713526258,2025-10-18,This is absolutely unacceptable. I've been charged twice and no one helps.,-0.5709,negative
713526258,2025-05-18,App keeps crashing and support doesn't respond. Extremely frustrated.,0.6901,neutral
713526258,2025-11-30,App keeps crashing and support doesn't respond. Extremely frustrated.,0.6901,neutral
721233033,2025-04-21,I was promised a resolution two weeks ago. Nothing. I'm leaving.,0.3612,neutral
711221958,2025-05-19,This is absolutely unacceptable. I've been charged twice and no one helps.,-0.5709,negative
711221958,2025-07-04,Hidden fees again. Done with this bank. Transferring everything out.,0.0,neutral
713949858,2025-05-28,I was promised a resolution two weeks ago. Nothing. I'm leaving.,0.3612,neutral
718473558,2025-04-21,I was promised a resolution two weeks ago. Nothing. I'm leaving.,0.3612,neutral
778441533,2025-11-28,Hidden fees again. Done with this bank. Transferring everything out.,0.0,neutral
778441533,2025-10-28,I was promised a resolution two weeks ago. Nothing. I'm leaving.,0.3612,neutral
778441533,2025-03-28,I was promised a resolution two weeks ago. Nothing. I'm leaving.,0.3612,neutral
719590458,2025-10-31,Hidden fees again. Done with this bank. Transferring everything out.,0.0,neutral
719590458,2025-03-20,Worst customer service I've ever experienced. Closing my account.,-0.6249,negative
709161108,2025-01-19,Worst customer service I've ever experienced. Closing my account.,-0.6249,negative
709161108,2025-01-21,App keeps crashing and support doesn't respond. Extremely frustrated.,0.6901,neutral
709161108,2025-06-19,I was promised a resolution two weeks ago. Nothing. I'm leaving.,0.3612,neutral
709232808,2025-09-11,App keeps crashing and support doesn't respond. Extremely frustrated.,0.6901,neutral
709232808,2025-10-28,This is absolutely unacceptable. I've been charged twice and no one helps.,-0.5709,negative
709232808,2025-06-21,App keeps crashing and support doesn't respond. Extremely frustrated.,0.6901,neutral
810271083,2025-05-08,I was promised a resolution two weeks ago. Nothing. I'm leaving.,0.3612,neutral
810271083,2025-11-28,Hidden fees again. Done with this bank. Transferring everything out.,0.0,neutral
810271083,2025-06-05,This is absolutely unacceptable. I've been charged twice and no one helps.,-0.5709,negative
715610733,2025-09-12,Worst customer service I've ever experienced. Closing my account.,-0.6249,negative
715610733,2025-12-04,Hidden fees again. Done with this bank. Transferring everything out.,0.0,neutral
715610733,2025-11-29,This is absolutely unacceptable. I've been charged twice and no one helps.,-0.5709,negative
717574683,2025-09-30,Slight delay on my transfer but it went through fine.,0.1406,neutral
769662033,2025-07-19,The app was slow this week but it resolved itself.,0.2617,neutral
719377383,2025-06-11,Slight delay on my transfer but it went through fine.,0.1406,neutral
820657083,2025-11-04,The app was slow this week but it resolved itself.,0.2617,neutral
709836258,2025-09-12,"Had a question about my statement, support was helpful.",0.6705,neutral
779833908,2025-08-01,Slight delay on my transfer but it went through fine.,0.1406,neutral
719976558,2025-04-28,Slight delay on my transfer but it went through fine.,0.1406,neutral
818502708,2025-03-03,The app was slow this week but it resolved itself.,0.2617,neutral
786509358,2025-06-16,"Had a question about my statement, support was helpful.",0.6705,neutral
789226683,2025-11-06,"Had a question about my statement, support was helpful.",0.6705,neutral
719912808,2025-02-15,The app was slow this week but it resolved itself.,0.2617,neutral
714816258,2025-08-10,"Had a question about my statement, support was helpful.",0.6705,neutral
721402233,2025-09-14,The app was slow this week but it resolved itself.,0.2617,neutral
708445608,2025-06-11,Slight delay on my transfer but it went through fine.,0.1406,neutral
721112508,2025-06-04,The app was slow this week but it resolved itself.,0.2617,neutral
714920208,2025-09-10,Slight delay on my transfer but it went through fine.,0.1406,neutral
716399583,2025-06-02,"Had a question about my statement, support was helpful.",0.6705,neutral
718500633,2025-03-06,Slight delay on my transfer but it went through fine.,0.1406,neutral
717733158,2025-12-08,"Had a question about my statement, support was helpful.",0.6705,neutral
716866308,2025-10-28,"Had a question about my statement, support was helpful.",0.6705,neutral
708447858,2025-07-29,"Had a question about my statement, support was helpful.",0.6705,neutral
771190083,2025-04-29,"Had a question about my statement, support was helpful.",0.6705,neutral
712444533,2025-01-11,The app was slow this week but it resolved itself.,0.2617,neutral
721491258,2025-03-19,Slight delay on my transfer but it went through fine.,0.1406,neutral
719633508,2025-11-29,Slight delay on my transfer but it went through fine.,0.1406,neutral
709165533,2025-07-31,"Had a question about my statement, support was helpful.",0.6705,neutral
718563483,2025-03-15,Slight delay on my transfer but it went through fine.,0.1406,neutral
784734258,2025-11-13,"Had a question about my statement, support was helpful.",0.6705,neutral
720817533,2025-01-25,Slight delay on my transfer but it went through fine.,0.1406,neutral
719848908,2025-01-07,The app was slow this week but it resolved itself.,0.2617,neutral
720676158,2025-05-29,The app was slow this week but it resolved itself.,0.2617,neutral
822068583,2025-05-14,Slight delay on my transfer but it went through fine.,0.1406,neutral
766706358,2025-11-07,The app was slow this week but it resolved itself.,0.2617,neutral
713282733,2025-12-04,"Had a question about my statement, support was helpful.",0.6705,neutral
716165508,2025-08-27,The app was slow this week but it resolved itself.,0.2617,neutral
751422258,2025-05-01,Slight delay on my transfer but it went through fine.,0.1406,neutral
714658233,2025-10-25,Slight delay on my transfer but it went through fine.,0.1406,neutral
718894233,2025-09-14,The app was slow this week but it resolved itself.,0.2617,neutral
804426858,2025-06-23,Slight delay on my transfer but it went through fine.,0.1406,neutral
719273733,2025-07-07,"Had a question about my statement, support was helpful.",0.6705,neutral
822961533,2025-08-11,"Had a question about my statement, support was helpful.",0.6705,neutral
715713408,2025-09-03,The app was slow this week but it resolved itself.,0.2617,neutral
713824983,2025-05-11,"Had a question about my statement, support was helpful.",0.6705,neutral
814987983,2025-08-24,"Had a question about my statement, support was helpful.",0.6705,neutral
803977008,2025-01-04,Slight delay on my transfer but it went through fine.,0.1406,neutral
827703258,2025-11-08,"Had a question about my statement, support was helpful.",0.6705,neutral
719401158,2025-03-02,The app was slow this week but it resolved itself.,0.2617,neutral
720859533,2025-03-22,The app was slow this week but it resolved itself.,0.2617,neutral
717045033,2025-07-23,Slight delay on my transfer but it went through fine.,0.1406,neutral
721236408,2025-05-25,Slight delay on my transfer but it went through fine.,0.1406,neutral
787231233,2025-03-04,The app was slow this week but it resolved itself.,0.2617,neutral
808950108,2025-02-01,Slight delay on my transfer but it went through fine.,0.1406,neutral
787937058,2025-09-20,"Had a question about my statement, support was helpful.",0.6705,neutral
708707808,2025-01-02,"Had a question about my statement, support was helpful.",0.6705,neutral
716029158,2025-04-09,"Had a question about my statement, support was helpful.",0.6705,neutral
710163633,2025-04-24,"Had a question about my statement, support was helpful.",0.6705,neutral
717888108,2025-01-06,The app was slow this week but it resolved itself.,0.2617,neutral
712064358,2025-10-07,"Had a question about my statement, support was helpful.",0.6705,neutral
716098683,2025-03-09,Slight delay on my transfer but it went through fine.,0.1406,neutral
711840408,2025-10-05,The app was slow this week but it resolved itself.,0.2617,neutral
710523333,2025-04-24,The app was slow this week but it resolved itself.,0.2617,neutral
768612258,2025-05-04,"Had a question about my statement, support was helpful.",0.6705,neutral
753327333,2025-09-22,"Had a question about my statement, support was helpful.",0.6705,neutral
787770858,2025-03-10,The app was slow this week but it resolved itself.,0.2617,neutral
771872733,2025-05-11,The app was slow this week but it resolved itself.,0.2617,neutral
779655183,2025-02-21,Slight delay on my transfer but it went through fine.,0.1406,neutral
716552433,2025-04-17,Slight delay on my transfer but it went through fine.,0.1406,neutral
710520408,2025-02-17,"Had a question about my statement, support was helpful.",0.6705,neutral
710420133,2025-03-09,The app was slow this week but it resolved itself.,0.2617,neutral
737962608,2025-12-03,Slight delay on my transfer but it went through fine.,0.1406,neutral
715343883,2025-09-30,"Had a question about my statement, support was helpful.",0.6705,neutral
719768658,2025-10-13,Slight delay on my transfer but it went through fine.,0.1406,neutral
716204883,2025-10-26,Slight delay on my transfer but it went through fine.,0.1406,neutral
721295658,2025-04-03,The app was slow this week but it resolved itself.,0.2617,neutral
715778358,2025-09-01,The app was slow this week but it resolved itself.,0.2617,neutral
771338658,2025-05-31,Slight delay on my transfer but it went through fine.,0.1406,neutral
719051733,2025-04-27,"Had a question about my statement, support was helpful.",0.6705,neutral
789115833,2025-01-16,The app was slow this week but it resolved itself.,0.2617,neutral
770952933,2025-06-18,"Had a question about my statement, support was helpful.",0.6705,neutral
713048733,2025-12-23,Slight delay on my transfer but it went through fine.,0.1406,neutral
712663533,2025-01-30,Slight delay on my transfer but it went through fine.,0.1406,neutral
721412208,2025-02-20,The app was slow this week but it resolved itself.,0.2617,neutral
780730008,2025-09-08,The app was slow this week but it resolved itself.,0.2617,neutral
779449308,2025-07-02,"Had a question about my statement, support was helpful.",0.6705,neutral
713101383,2025-05-19,"Had a question about my statement, support was helpful.",0.6705,neutral
754457883,2025-02-23,"Had a question about my statement, support was helpful.",0.6705,neutral
719455083,2025-08-27,The app was slow this week but it resolved itself.,0.2617,neutral
710035008,2025-07-11,The app was slow this week but it resolved itself.,0.2617,neutral
789563658,2025-08-21,"Had a question about my statement, support was helpful.",0.6705,neutral
708626058,2025-12-12,"Had a question about my statement, support was helpful.",0.6705,neutral
720313083,2025-02-04,The app was slow this week but it resolved itself.,0.2617,neutral
779751258,2025-05-23,"Had a question about my statement, support was helpful.",0.6705,neutral
789601308,2025-04-28,The app was slow this week but it resolved itself.,0.2617,neutral
714207483,2025-08-22,"Had a question about my statement, support was helpful.",0.6705,neutral
708863733,2025-03-23,Slight delay on my transfer but it went through fine.,0.1406,neutral
711443808,2025-04-08,"Had a question about my statement, support was helpful.",0.6705,neutral
818729208,2025-11-19,The app was slow this week but it resolved itself.,0.2617,neutral
772375533,2025-04-25,Slight delay on my transfer but it went through fine.,0.1406,neutral
716702358,2025-05-13,"Had a question about my statement, support was helpful.",0.6705,neutral
720553158,2025-12-16,"Had a question about my statement, support was helpful.",0.6705,neutral
803957508,2025-10-26,The app was slow this week but it resolved itself.,0.2617,neutral
716144058,2025-05-05,The app was slow this week but it resolved itself.,0.2617,neutral
716741508,2025-12-04,The app was slow this week but it resolved itself.,0.2617,neutral
711359058,2025-10-27,Slight delay on my transfer but it went through fine.,0.1406,neutral
713289183,2025-08-26,The app was slow this week but it resolved itself.,0.2617,neutral
717324183,2025-11-23,Slight delay on my transfer but it went through fine.,0.1406,neutral
716375883,2025-02-28,The app was slow this week but it resolved itself.,0.2617,neutral
712837233,2025-10-16,"Had a question about my statement, support was helpful.",0.6705,neutral
710503308,2025-04-07,"Had a question about my statement, support was helpful.",0.6705,neutral
713162358,2025-09-13,The app was slow this week but it resolved itself.,0.2617,neutral
716077458,2025-02-01,"Had a question about my statement, support was helpful.",0.6705,neutral
779770683,2025-09-02,The app was slow this week but it resolved itself.,0.2617,neutral
806219808,2025-09-04,The app was slow this week but it resolved itself.,0.2617,neutral
789849108,2025-06-07,"Had a question about my statement, support was helpful.",0.6705,neutral
789089958,2025-10-12,"Had a question about my statement, support was helpful.",0.6705,neutral
718835583,2025-12-31,Slight delay on my transfer but it went through fine.,0.1406,neutral
807209808,2025-04-12,Slight delay on my transfer but it went through fine.,0.1406,neutral
712490283,2025-03-06,Slight delay on my transfer but it went through fine.,0.1406,neutral
756477333,2025-04-01,Slight delay on my transfer but it went through fine.,0.1406,neutral
771349458,2025-11-06,The app was slow this week but it resolved itself.,0.2617,neutral
788868858,2025-03-15,The app was slow this week but it resolved itself.,0.2617,neutral
811775883,2025-06-04,The app was slow this week but it resolved itself.,0.2617,neutral
772353408,2025-02-07,Slight delay on my transfer but it went through fine.,0.1406,neutral
797389758,2025-12-31,Slight delay on my transfer but it went through fine.,0.1406,neutral
711733308,2025-04-11,The app was slow this week but it resolved itself.,0.2617,neutral
788199858,2025-12-04,"Had a question about my statement, support was helpful.",0.6705,neutral
717953283,2025-05-27,"Had a question about my statement, support was helpful.",0.6705,neutral
709474683,2025-08-24,The app was slow this week but it resolved itself.,0.2617,neutral
712580958,2025-01-04,Slight delay on my transfer but it went through fine.,0.1406,neutral
789535233,2025-05-24,The app was slow this week but it resolved itself.,0.2617,neutral
708522033,2025-09-21,The app was slow this week but it resolved itself.,0.2617,neutral
714103908,2025-04-12,"Had a question about my statement, support was helpful.",0.6705,neutral
710558883,2025-03-04,"Had a question about my statement, support was helpful.",0.6705,neutral
778799583,2025-04-17,"Had a question about my statement, support was helpful.",0.6705,neutral
717553683,2025-10-29,The app was slow this week but it resolved itself.,0.2617,neutral
713303733,2025-08-06,The app was slow this week but it resolved itself.,0.2617,neutral
718083483,2025-12-16,The app was slow this week but it resolved itself.,0.2617,neutral
745435533,2025-09-03,Slight delay on my transfer but it went through fine.,0.1406,neutral
803380383,2025-10-14,"Had a question about my statement, support was helpful.",0.6705,neutral
710930508,2025-12-14,Slight delay on my transfer but it went through fine.,0.1406,neutral
717385983,2025-10-11,"Had a question about my statement, support was helpful.",0.6705,neutral
715821183,2025-08-19,Slight delay on my transfer but it went through fine.,0.1406,neutral
794545983,2025-06-09,Slight delay on my transfer but it went through fine.,0.1406,neutral
714241083,2025-03-15,"Had a question about my statement, support was helpful.",0.6705,neutral
817285758,2025-03-29,The app was slow this week but it resolved itself.,0.2617,neutral
802822833,2025-06-20,"Had a question about my statement, support was helpful.",0.6705,neutral
713922183,2025-07-17,The app was slow this week but it resolved itself.,0.2617,neutral
789830058,2025-11-16,The app was slow this week but it resolved itself.,0.2617,neutral
709895508,2025-06-03,The app was slow this week but it resolved itself.,0.2617,neutral
710756133,2025-05-11,The app was slow this week but it resolved itself.,0.2617,neutral
771575058,2025-02-25,The app was slow this week but it resolved itself.,0.2617,neutral
716028108,2025-09-16,"Had a question about my statement, support was helpful.",0.6705,neutral
716296833,2025-03-20,"Had a question about my statement, support was helpful.",0.6705,neutral
713773458,2025-04-10,Slight delay on my transfer but it went through fine.,0.1406,neutral
720357483,2025-06-12,Slight delay on my transfer but it went through fine.,0.1406,neutral
713529858,2025-09-21,The app was slow this week but it resolved itself.,0.2617,neutral
804310758,2025-05-29,The app was slow this week but it resolved itself.,0.2617,neutral
710779083,2025-07-11,"Had a question about my statement, support was helpful.",0.6705,neutral
715477233,2025-04-22,"Had a question about my statement, support was helpful.",0.6705,neutral
711686658,2025-10-02,Slight delay on my transfer but it went through fine.,0.1406,neutral
802622733,2025-07-25,The app was slow this week but it resolved itself.,0.2617,neutral
756944133,2025-01-06,Slight delay on my transfer but it went through fine.,0.1406,neutral
721306908,2025-07-18,The app was slow this week but it resolved itself.,0.2617,neutral
793355508,2025-01-15,The app was slow this week but it resolved itself.,0.2617,neutral
720557883,2025-08-06,Slight delay on my transfer but it went through fine.,0.1406,neutral
818930808,2025-09-15,"Had a question about my statement, support was helpful.",0.6705,neutral
795920358,2025-01-04,The app was slow this week but it resolved itself.,0.2617,neutral
714313608,2025-09-07,Slight delay on my transfer but it went through fine.,0.1406,neutral
714578283,2025-01-17,"Had a question about my statement, support was helpful.",0.6705,neutral
714034158,2025-09-22,Slight delay on my transfer but it went through fine.,0.1406,neutral
710504283,2025-05-14,"Had a question about my statement, support was helpful.",0.6705,neutral
711398433,2025-03-11,"Had a question about my statement, support was helpful.",0.6705,neutral
711851583,2025-06-27,"Had a question about my statement, support was helpful.",0.6705,neutral
779458383,2025-09-24,The app was slow this week but it resolved itself.,0.2617,neutral
715204083,2025-07-07,Slight delay on my transfer but it went through fine.,0.1406,neutral
788876208,2025-02-25,Slight delay on my transfer but it went through fine.,0.1406,neutral
710528583,2025-01-18,"Had a question about my statement, support was helpful.",0.6705,neutral
788900883,2025-10-12,"Had a question about my statement, support was helpful.",0.6705,neutral
713870958,2025-05-07,The app was slow this week but it resolved itself.,0.2617,neutral
778661358,2025-11-14,"Had a question about my statement, support was helpful.",0.6705,neutral
710288883,2025-09-07,The app was slow this week but it resolved itself.,0.2617,neutral
713426358,2025-01-25,"Had a question about my statement, support was helpful.",0.6705,neutral
789634983,2025-06-12,"Had a question about my statement, support was helpful.",0.6705,neutral
823922208,2025-06-06,The app was slow this week but it resolved itself.,0.2617,neutral
711663858,2025-12-29,Slight delay on my transfer but it went through fine.,0.1406,neutral
708595158,2025-11-22,"Had a question about my statement, support was helpful.",0.6705,neutral
717495258,2025-06-02,The app was slow this week but it resolved itself.,0.2617,neutral
710536983,2025-09-30,The app was slow this week but it resolved itself.,0.2617,neutral
720458883,2025-07-10,"Had a question about my statement, support was helpful.",0.6705,neutral
710695083,2025-05-30,Slight delay on my transfer but it went through fine.,0.1406,neutral
816325533,2025-07-02,The app was slow this week but it resolved itself.,0.2617,neutral
713936583,2025-09-23,Slight delay on my transfer but it went through fine.,0.1406,neutral
820330008,2025-11-19,The app was slow this week but it resolved itself.,0.2617,neutral
720718908,2025-04-04,The app was slow this week but it resolved itself.,0.2617,neutral
715779333,2025-04-30,The app was slow this week but it resolved itself.,0.2617,neutral
767311008,2025-12-19,"Had a question about my statement, support was helpful.",0.6705,neutral
779509983,2025-02-20,The app was slow this week but it resolved itself.,0.2617,neutral
720660558,2025-02-07,Slight delay on my transfer but it went through fine.,0.1406,neutral
779978283,2025-11-17,The app was slow this week but it resolved itself.,0.2617,neutral
718078008,2025-01-20,"Had a question about my statement, support was helpful.",0.6705,neutral
720914358,2025-09-14,Slight delay on my transfer but it went through fine.,0.1406,neutral
778236858,2025-05-23,The app was slow this week but it resolved itself.,0.2617,neutral
717578358,2025-04-05,Slight delay on my transfer but it went through fine.,0.1406,neutral
714387108,2025-02-12,"Had a question about my statement, support was helpful.",0.6705,neutral
709732608,2025-07-18,"Had a question about my statement, support was helpful.",0.6705,neutral
716974383,2025-11-26,Slight delay on my transfer but it went through fine.,0.1406,neutral
718819158,2025-09-28,Slight delay on my transfer but it went through fine.,0.1406,neutral
715090008,2025-10-14,"Had a question about my statement, support was helpful.",0.6705,neutral
711606558,2025-02-12,The app was slow this week but it resolved itself.,0.2617,neutral
708688608,2025-08-18,Slight delay on my transfer but it went through fine.,0.1406,neutral
780689733,2025-12-23,The app was slow this week but it resolved itself.,0.2617,neutral
751227183,2025-05-31,The app was slow this week but it resolved itself.,0.2617,neutral
713382558,2025-05-13,The app was slow this week but it resolved itself.,0.2617,neutral
820593033,2025-10-29,The app was slow this week but it resolved itself.,0.2617,neutral
720668358,2025-06-09,"Had a question about my statement, support was helpful.",0.6705,neutral
780416433,2025-05-24,Slight delay on my transfer but it went through fine.,0.1406,neutral
710596983,2025-07-17,The app was slow this week but it resolved itself.,0.2617,neutral
713405133,2025-02-02,The app was slow this week but it resolved itself.,0.2617,neutral
712303908,2025-05-07,Slight delay on my transfer but it went through fine.,0.1406,neutral
717136533,2025-08-18,"Had a question about my statement, support was helpful.",0.6705,neutral
806649333,2025-11-24,"Had a question about my statement, support was helpful.",0.6705,neutral
717914808,2025-03-22,Slight delay on my transfer but it went through fine.,0.1406,neutral
708222558,2025-08-13,Slight delay on my transfer but it went through fine.,0.1406,neutral
710439483,2025-07-14,The app was slow this week but it resolved itself.,0.2617,neutral
709327383,2025-02-04,Slight delay on my transfer but it went through fine.,0.1406,neutral
718243533,2025-09-10,Slight delay on my transfer but it went through fine.,0.1406,neutral
815072283,2025-05-06,"Had a question about my statement, support was helpful.",0.6705,neutral
826136283,2025-10-14,The app was slow this week but it resolved itself.,0.2617,neutral
788675658,2025-06-12,"Had a question about my statement, support was helpful.",0.6705,neutral
715360458,2025-04-25,The app was slow this week but it resolved itself.,0.2617,neutral
780378633,2025-12-24,The app was slow this week but it resolved itself.,0.2617,neutral
802662858,2025-01-12,Slight delay on my transfer but it went through fine.,0.1406,neutral
716474358,2025-01-05,"Had a question about my statement, support was helpful.",0.6705,neutral
715452408,2025-07-05,Slight delay on my transfer but it went through fine.,0.1406,neutral
708163758,2025-04-19,The app was slow this week but it resolved itself.,0.2617,neutral
787509408,2025-08-10,The app was slow this week but it resolved itself.,0.2617,neutral
716323683,2025-07-09,Slight delay on my transfer but it went through fine.,0.1406,neutral
719450508,2025-02-10,Slight delay on my transfer but it went through fine.,0.1406,neutral
719587158,2025-02-25,The app was slow this week but it resolved itself.,0.2617,neutral
715488483,2025-09-27,Slight delay on my transfer but it went through fine.,0.1406,neutral
716068683,2025-06-12,Slight delay on my transfer but it went through fine.,0.1406,neutral
818767458,2025-07-27,"Had a question about my statement, support was helpful.",0.6705,neutral
714975633,2025-02-25,"Had a question about my statement, support was helpful.",0.6705,neutral
719165508,2025-08-28,"Had a question about my statement, support was helpful.",0.6705,neutral
715432608,2025-11-04,"Had a question about my statement, support was helpful.",0.6705,neutral
713708358,2025-12-12,Slight delay on my transfer but it went through fine.,0.1406,neutral
815510883,2025-06-26,"Had a question about my statement, support was helpful.",0.6705,neutral
720450108,2025-03-13,Slight delay on my transfer but it went through fine.,0.1406,neutral
716673258,2025-05-01,"Had a question about my statement, support was helpful.",0.6705,neutral
716723658,2025-06-21,"Had a question about my statement, support was helpful.",0.6705,neutral
717688233,2025-06-06,Slight delay on my transfer but it went through fine.,0.1406,neutral
755959683,2025-09-21,Slight delay on my transfer but it went through fine.,0.1406,neutral
709326183,2025-11-05,Slight delay on my transfer but it went through fine.,0.1406,neutral
803776533,2025-10-12,The app was slow this week but it resolved itself.,0.2617,neutral
710840433,2025-06-05,The app was slow this week but it resolved itself.,0.2617,neutral
714537258,2025-12-24,Slight delay on my transfer but it went through fine.,0.1406,neutral
718670808,2025-10-17,Slight delay on my transfer but it went through fine.,0.1406,neutral
807589908,2025-01-07,Slight delay on my transfer but it went through fine.,0.1406,neutral
716487408,2025-06-18,Slight delay on my transfer but it went through fine.,0.1406,neutral
711701058,2025-12-19,"Had a question about my statement, support was helpful.",0.6705,neutral
819160158,2025-12-17,Slight delay on my transfer but it went through fine.,0.1406,neutral
796990908,2025-10-31,"Had a question about my statement, support was helpful.",0.6705,neutral
711780108,2025-06-19,The app was slow this week but it resolved itself.,0.2617,neutral
719761458,2025-11-04,"Had a question about my statement, support was helpful.",0.6705,neutral
709426608,2025-07-25,"Had a question about my statement, support was helpful.",0.6705,neutral
791754258,2025-08-08,"Had a question about my statement, support was helpful.",0.6705,neutral
715480983,2025-01-17,The app was slow this week but it resolved itself.,0.2617,neutral
708532308,2025-09-21,Slight delay on my transfer but it went through fine.,0.1406,neutral
716593533,2025-11-25,Slight delay on my transfer but it went through fine.,0.1406,neutral
714120258,2025-06-22,Slight delay on my transfer but it went through fine.,0.1406,neutral
818942433,2025-04-23,Slight delay on my transfer but it went through fine.,0.1406,neutral
720952608,2025-02-27,Slight delay on my transfer but it went through fine.,0.1406,neutral
716131083,2025-08-14,Slight delay on my transfer but it went through fine.,0.1406,neutral
712774008,2025-01-19,The app was slow this week but it resolved itself.,0.2617,neutral
767653233,2025-02-17,The app was slow this week but it resolved itself.,0.2617,neutral
779491908,2025-10-09,"Had a question about my statement, support was helpful.",0.6705,neutral
710016708,2025-01-18,The app was slow this week but it resolved itself.,0.2617,neutral
712260633,2025-12-28,Slight delay on my transfer but it went through fine.,0.1406,neutral
718133733,2025-01-12,"Had a question about my statement, support was helpful.",0.6705,neutral
789124683,2025-04-05,Slight delay on my transfer but it went through fine.,0.1406,neutral
787557258,2025-12-20,"Had a question about my statement, support was helpful.",0.6705,neutral
709957158,2025-09-17,The app was slow this week but it resolved itself.,0.2617,neutral
715335558,2025-08-11,"Had a question about my statement, support was helpful.",0.6705,neutral
711351108,2025-01-10,Slight delay on my transfer but it went through fine.,0.1406,neutral
714931458,2025-03-20,The app was slow this week but it resolved itself.,0.2617,neutral
788630958,2025-05-12,Slight delay on my transfer but it went through fine.,0.1406,neutral
715312158,2025-12-31,Slight delay on my transfer but it went through fine.,0.1406,neutral
713489358,2025-06-28,"Had a question about my statement, support was helpful.",0.6705,neutral
780241758,2025-07-20,Slight delay on my transfer but it went through fine.,0.1406,neutral
717239133,2025-07-01,Slight delay on my transfer but it went through fine.,0.1406,neutral
717247383,2025-11-06,Slight delay on my transfer but it went through fine.,0.1406,neutral
708128733,2025-03-31,The app was slow this week but it resolved itself.,0.2617,neutral
717860358,2025-04-08,"Had a question about my statement, support was helpful.",0.6705,neutral
708438033,2025-07-19,The app was slow this week but it resolved itself.,0.2617,neutral
788671608,2025-05-13,The app was slow this week but it resolved itself.,0.2617,neutral
715038033,2025-05-24,"Had a question about my statement, support was helpful.",0.6705,neutral
770781558,2025-11-19,The app was slow this week but it resolved itself.,0.2617,neutral
714002658,2025-03-31,Slight delay on my transfer but it went through fine.,0.1406,neutral
710780883,2025-11-13,The app was slow this week but it resolved itself.,0.2617,neutral
712394283,2025-12-04,Slight delay on my transfer but it went through fine.,0.1406,neutral
779224758,2025-05-20,"Had a question about my statement, support was helpful.",0.6705,neutral
827619933,2025-09-21,"Had a question about my statement, support was helpful.",0.6705,neutral
714888633,2025-12-19,The app was slow this week but it resolved itself.,0.2617,neutral
711067383,2025-08-08,"Had a question about my statement, support was helpful.",0.6705,neutral
719279208,2025-01-26,"Had a question about my statement, support was helpful.",0.6705,neutral
811705233,2025-11-15,The app was slow this week but it resolved itself.,0.2617,neutral
713907633,2025-04-02,Slight delay on my transfer but it went through fine.,0.1406,neutral
712452033,2025-12-01,"Had a question about my statement, support was helpful.",0.6705,neutral
771230508,2025-12-09,"Had a question about my statement, support was helpful.",0.6705,neutral
720626058,2025-11-19,"Had a question about my statement, support was helpful.",0.6705,neutral
756629133,2025-08-28,"Had a question about my statement, support was helpful.",0.6705,neutral
713301633,2025-03-23,Slight delay on my transfer but it went through fine.,0.1406,neutral
709584483,2025-03-20,Slight delay on my transfer but it went through fine.,0.1406,neutral
771556308,2025-08-26,The app was slow this week but it resolved itself.,0.2617,neutral
711289533,2025-02-27,"Had a question about my statement, support was helpful.",0.6705,neutral
810789708,2025-01-25,Slight delay on my transfer but it went through fine.,0.1406,neutral
717596883,2025-05-23,"Had a question about my statement, support was helpful.",0.6705,neutral
715404783,2025-12-03,The app was slow this week but it resolved itself.,0.2617,neutral
779041983,2025-01-04,The app was slow this week but it resolved itself.,0.2617,neutral
813890883,2025-06-24,Slight delay on my transfer but it went through fine.,0.1406,neutral
718246458,2025-10-11,"Had a question about my statement, support was helpful.",0.6705,neutral
709518858,2025-12-08,"Had a question about my statement, support was helpful.",0.6705,neutral
718808883,2025-04-08,The app was slow this week but it resolved itself.,0.2617,neutral
789270033,2025-02-07,The app was slow this week but it resolved itself.,0.2617,neutral
708895158,2025-01-09,"Had a question about my statement, support was helpful.",0.6705,neutral
713126733,2025-12-31,"Had a question about my statement, support was helpful.",0.6705,neutral
721045608,2025-05-23,Slight delay on my transfer but it went through fine.,0.1406,neutral
714778833,2025-10-28,The app was slow this week but it resolved itself.,0.2617,neutral
713120433,2025-05-26,"Had a question about my statement, support was helpful.",0.6705,neutral
716791908,2025-05-06,"Had a question about my statement, support was helpful.",0.6705,neutral
713873658,2025-02-26,Slight delay on my transfer but it went through fine.,0.1406,neutral
713295183,2025-02-03,"Had a question about my statement, support was helpful.",0.6705,neutral
714785508,2025-12-04,"Had a question about my statement, support was helpful.",0.6705,neutral
711288558,2025-04-12,Slight delay on my transfer but it went through fine.,0.1406,neutral
713743158,2025-02-02,"Had a question about my statement, support was helpful.",0.6705,neutral
720682308,2025-09-18,Slight delay on my transfer but it went through fine.,0.1406,neutral
719991783,2025-06-26,Slight delay on my transfer but it went through fine.,0.1406,neutral
714421233,2025-08-12,The app was slow this week but it resolved itself.,0.2617,neutral
710733183,2025-09-14,The app was slow this week but it resolved itself.,0.2617,neutral
717825033,2025-10-05,Slight delay on my transfer but it went through fine.,0.1406,neutral
716288208,2025-10-25,"Had a question about my statement, support was helpful.",0.6705,neutral
773389908,2025-02-14,Slight delay on my transfer but it went through fine.,0.1406,neutral
822138333,2025-03-23,Slight delay on my transfer but it went through fine.,0.1406,neutral
711934308,2025-09-07,"Had a question about my statement, support was helpful.",0.6705,neutral
779078733,2025-06-25,The app was slow this week but it resolved itself.,0.2617,neutral
719945433,2025-04-02,Slight delay on my transfer but it went through fine.,0.1406,neutral
714969183,2025-04-18,"Had a question about my statement, support was helpful.",0.6705,neutral
712789383,2025-05-22,The app was slow this week but it resolved itself.,0.2617,neutral
718030083,2025-02-15,"Had a question about my statement, support was helpful.",0.6705,neutral
720734583,2025-12-09,The app was slow this week but it resolved itself.,0.2617,neutral
713372583,2025-08-27,Slight delay on my transfer but it went through fine.,0.1406,neutral
711145008,2025-11-29,The app was slow this week but it resolved itself.,0.2617,neutral
719773158,2025-02-19,The app was slow this week but it resolved itself.,0.2617,neutral
789925833,2025-01-01,Slight delay on my transfer but it went through fine.,0.1406,neutral
719240358,2025-05-29,"Had a question about my statement, support was helpful.",0.6705,neutral
716815308,2025-05-03,"Had a question about my statement, support was helpful.",0.6705,neutral
713605908,2025-08-20,"Had a question about my statement, support was helpful.",0.6705,neutral
708776658,2025-06-03,Slight delay on my transfer but it went through fine.,0.1406,neutral
713972658,2025-12-18,"Had a question about my statement, support was helpful.",0.6705,neutral
717139608,2025-03-30,"Had a question about my statement, support was helpful.",0.6705,neutral
715540233,2025-03-18,Slight delay on my transfer but it went through fine.,0.1406,neutral
708822783,2025-05-25,"Had a question about my statement, support was helpful.",0.6705,neutral
790186458,2025-11-20,Slight delay on my transfer but it went through fine.,0.1406,neutral
720849708,2025-06-24,"Had a question about my statement, support was helpful.",0.6705,neutral
717602733,2025-12-10,Slight delay on my transfer but it went through fine.,0.1406,neutral
771653583,2025-11-08,Slight delay on my transfer but it went through fine.,0.1406,neutral
712105533,2025-01-07,Slight delay on my transfer but it went through fine.,0.1406,neutral
713697933,2025-01-09,The app was slow this week but it resolved itself.,0.2617,neutral
773082033,2025-07-19,"Had a question about my statement, support was helpful.",0.6705,neutral
712207683,2025-06-18,"Had a question about my statement, support was helpful.",0.6705,neutral
780108408,2025-05-02,"Had a question about my statement, support was helpful.",0.6705,neutral
715628733,2025-10-13,Slight delay on my transfer but it went through fine.,0.1406,neutral
772220433,2025-10-22,Slight delay on my transfer but it went through fine.,0.1406,neutral
709935708,2025-03-26,The app was slow this week but it resolved itself.,0.2617,neutral
715976433,2025-11-12,"Had a question about my statement, support was helpful.",0.6705,neutral
769433508,2025-10-10,"Had a question about my statement, support was helpful.",0.6705,neutral
720259308,2025-01-11,Slight delay on my transfer but it went through fine.,0.1406,neutral
820639908,2025-05-09,Slight delay on my transfer but it went through fine.,0.1406,neutral
711913833,2025-08-21,The app was slow this week but it resolved itself.,0.2617,neutral
715356258,2025-05-02,Slight delay on my transfer but it went through fine.,0.1406,neutral
715857183,2025-11-10,"Had a question about my statement, support was helpful.",0.6705,neutral
827628408,2025-11-15,Slight delay on my transfer but it went through fine.,0.1406,neutral
719568333,2025-03-16,Slight delay on my transfer but it went through fine.,0.1406,neutral
711706458,2025-11-14,Slight delay on my transfer but it went through fine.,0.1406,neutral
778239933,2025-10-24,"Had a question about my statement, support was helpful.",0.6705,neutral
721479108,2025-11-24,Slight delay on my transfer but it went through fine.,0.1406,neutral
823507833,2025-12-19,The app was slow this week but it resolved itself.,0.2617,neutral
713560758,2025-04-24,"Had a question about my statement, support was helpful.",0.6705,neutral
711877458,2025-11-24,Slight delay on my transfer but it went through fine.,0.1406,neutral
716762733,2025-03-09,Slight delay on my transfer but it went through fine.,0.1406,neutral
821752908,2025-01-06,The app was slow this week but it resolved itself.,0.2617,neutral
719709558,2025-06-19,"Had a question about my statement, support was helpful.",0.6705,neutral
807349158,2025-11-23,"Had a question about my statement, support was helpful.",0.6705,neutral
708646233,2025-04-11,Slight delay on my transfer but it went through fine.,0.1406,neutral
770783508,2025-12-24,Slight delay on my transfer but it went through fine.,0.1406,neutral
758317233,2025-08-01,Slight delay on my transfer but it went through fine.,0.1406,neutral
710157108,2025-04-25,Slight delay on my transfer but it went through fine.,0.1406,neutral
812443458,2025-11-04,The app was slow this week but it resolved itself.,0.2617,neutral
711364233,2025-03-05,"Had a question about my statement, support was helpful.",0.6705,neutral
716288958,2025-09-30,Slight delay on my transfer but it went through fine.,0.1406,neutral
778550583,2025-11-24,"Had a question about my statement, support was helpful.",0.6705,neutral
778936008,2025-09-11,The app was slow this week but it resolved itself.,0.2617,neutral
716128083,2025-11-01,Slight delay on my transfer but it went through fine.,0.1406,neutral
818791833,2025-11-08,The app was slow this week but it resolved itself.,0.2617,neutral
718366983,2025-09-07,Slight delay on my transfer but it went through fine.,0.1406,neutral
711642108,2025-01-13,The app was slow this week but it resolved itself.,0.2617,neutral
712022883,2025-09-29,Slight delay on my transfer but it went through fine.,0.1406,neutral
789012633,2025-12-10,"Had a question about my statement, support was helpful.",0.6705,neutral
715759458,2025-05-30,The app was slow this week but it resolved itself.,0.2617,neutral
822885033,2025-05-08,The app was slow this week but it resolved itself.,0.2617,neutral
811111083,2025-10-22,"Had a question about my statement, support was helpful.",0.6705,neutral
808284783,2025-05-23,"Had a question about my statement, support was helpful.",0.6705,neutral
710741208,2025-09-14,The app was slow this week but it resolved itself.,0.2617,neutral
712575708,2025-08-02,"Had a question about my statement, support was helpful.",0.6705,neutral
780998133,2025-12-16,Slight delay on my transfer but it went through fine.,0.1406,neutral
713610033,2025-09-05,Slight delay on my transfer but it went through fine.,0.1406,neutral
711699183,2025-03-15,Slight delay on my transfer but it went through fine.,0.1406,neutral
817686633,2025-01-05,"Had a question about my statement, support was helpful.",0.6705,neutral
798717783,2025-07-07,Slight delay on my transfer but it went through fine.,0.1406,neutral
709830783,2025-11-12,Slight delay on my transfer but it went through fine.,0.1406,neutral
713998233,2025-02-15,"Had a question about my statement, support was helpful.",0.6705,neutral
710643183,2025-05-06,Slight delay on my transfer but it went through fine.,0.1406,neutral
716079708,2025-04-13,The app was slow this week but it resolved itself.,0.2617,neutral
827049558,2025-03-31,The app was slow this week but it resolved itself.,0.2617,neutral
789347133,2025-04-18,"Had a question about my statement, support was helpful.",0.6705,neutral
778155558,2025-09-20,"Had a question about my statement, support was helpful.",0.6705,neutral
710287533,2025-10-17,The app was slow this week but it resolved itself.,0.2617,neutral
712349808,2025-07-13,The app was slow this week but it resolved itself.,0.2617,neutral
715657833,2025-09-27,The app was slow this week but it resolved itself.,0.2617,neutral
714449283,2025-08-12,"Had a question about my statement, support was helpful.",0.6705,neutral
796326483,2025-09-04,The app was slow this week but it resolved itself.,0.2617,neutral
708905733,2025-01-20,"Had a question about my statement, support was helpful.",0.6705,neutral
774675933,2025-12-08,The app was slow this week but it resolved itself.,0.2617,neutral
810586833,2025-02-01,"Had a question about my statement, support was helpful.",0.6705,neutral
719528958,2025-10-02,Slight delay on my transfer but it went through fine.,0.1406,neutral
719420058,2025-09-30,"Had a question about my statement, support was helpful.",0.6705,neutral
717231558,2025-04-08,"Had a question about my statement, support was helpful.",0.6705,neutral
714130233,2025-01-21,"Had a question about my statement, support was helpful.",0.6705,neutral
711494208,2025-12-07,"Had a question about my statement, support was helpful.",0.6705,neutral
719521983,2025-10-19,Slight delay on my transfer but it went through fine.,0.1406,neutral
716198358,2025-05-07,"Had a question about my statement, support was helpful.",0.6705,neutral
783070833,2025-07-20,"Had a question about my statement, support was helpful.",0.6705,neutral
719692983,2025-01-19,"Had a question about my statement, support was helpful.",0.6705,neutral
717179508,2025-04-22,Slight delay on my transfer but it went through fine.,0.1406,neutral
779765058,2025-08-26,The app was slow this week but it resolved itself.,0.2617,neutral
715168983,2025-12-17,Slight delay on my transfer but it went through fine.,0.1406,neutral
713854608,2025-01-12,Slight delay on my transfer but it went through fine.,0.1406,neutral
719962458,2025-04-29,Slight delay on my transfer but it went through fine.,0.1406,neutral
772569033,2025-10-20,"Had a question about my statement, support was helpful.",0.6705,neutral
718163808,2025-04-25,The app was slow this week but it resolved itself.,0.2617,neutral
711455133,2025-08-06,Slight delay on my transfer but it went through fine.,0.1406,neutral
721029858,2025-10-15,Slight delay on my transfer but it went through fine.,0.1406,neutral
713166333,2025-09-24,The app was slow this week but it resolved itself.,0.2617,neutral
716181858,2025-10-24,The app was slow this week but it resolved itself.,0.2617,neutral
712851108,2025-07-16,Slight delay on my transfer but it went through fine.,0.1406,neutral
809311758,2025-11-07,"Had a question about my statement, support was helpful.",0.6705,neutral
711792783,2025-05-29,Slight delay on my transfer but it went through fine.,0.1406,neutral
709633533,2025-04-03,The app was slow this week but it resolved itself.,0.2617,neutral
708208758,2025-03-31,Slight delay on my transfer but it went through fine.,0.1406,neutral
717084708,2025-03-16,The app was slow this week but it resolved itself.,0.2617,neutral
711567333,2025-07-05,Slight delay on my transfer but it went through fine.,0.1406,neutral
719139558,2025-03-28,The app was slow this week but it resolved itself.,0.2617,neutral
716432658,2025-12-09,The app was slow this week but it resolved itself.,0.2617,neutral
715065483,2025-04-01,The app was slow this week but it resolved itself.,0.2617,neutral
717212958,2025-01-09,Slight delay on my transfer but it went through fine.,0.1406,neutral
752952108,2025-06-29,"Had a question about my statement, support was helpful.",0.6705,neutral
713307708,2025-06-14,The app was slow this week but it resolved itself.,0.2617,neutral
780633483,2025-01-14,Slight delay on my transfer but it went through fine.,0.1406,neutral
718141983,2025-02-25,The app was slow this week but it resolved itself.,0.2617,neutral
808891983,2025-09-14,Slight delay on my transfer but it went through fine.,0.1406,neutral
711313158,2025-11-27,The app was slow this week but it resolved itself.,0.2617,neutral
714828708,2025-06-25,The app was slow this week but it resolved itself.,0.2617,neutral
717322833,2025-04-30,"Had a question about my statement, support was helpful.",0.6705,neutral
712654233,2025-07-28,The app was slow this week but it resolved itself.,0.2617,neutral
717316008,2025-04-06,The app was slow this week but it resolved itself.,0.2617,neutral
771749733,2025-04-12,The app was slow this week but it resolved itself.,0.2617,neutral
714528258,2025-02-09,The app was slow this week but it resolved itself.,0.2617,neutral
721304133,2025-03-03,"Had a question about my statement, support was helpful.",0.6705,neutral
806637558,2025-10-23,"Had a question about my statement, support was helpful.",0.6705,neutral
709700058,2025-04-19,Slight delay on my transfer but it went through fine.,0.1406,neutral
711285633,2025-12-17,The app was slow this week but it resolved itself.,0.2617,neutral
709332408,2025-09-08,The app was slow this week but it resolved itself.,0.2617,neutral
811898133,2025-04-26,The app was slow this week but it resolved itself.,0.2617,neutral
721004133,2025-05-31,Slight delay on my transfer but it went through fine.,0.1406,neutral
788407833,2025-11-22,"Had a question about my statement, support was helpful.",0.6705,neutral
788779983,2025-11-14,"Had a question about my statement, support was helpful.",0.6705,neutral
818007783,2025-01-21,The app was slow this week but it resolved itself.,0.2617,neutral
789678483,2025-01-18,"Had a question about my statement, support was helpful.",0.6705,neutral
779090883,2025-11-02,The app was slow this week but it resolved itself.,0.2617,neutral
715367058,2025-05-30,"Had a question about my statement, support was helpful.",0.6705,neutral
716530533,2025-12-24,The app was slow this week but it resolved itself.,0.2617,neutral
708252108,2025-11-25,The app was slow this week but it resolved itself.,0.2617,neutral
789099783,2025-04-26,Slight delay on my transfer but it went through fine.,0.1406,neutral
804658833,2025-11-10,The app was slow this week but it resolved itself.,0.2617,neutral
718469658,2025-12-10,"Had a question about my statement, support was helpful.",0.6705,neutral
710416533,2025-12-08,"Had a question about my statement, support was helpful.",0.6705,neutral
720126033,2025-01-11,Slight delay on my transfer but it went through fine.,0.1406,neutral
711405333,2025-01-13,"Had a question about my statement, support was helpful.",0.6705,neutral
713195808,2025-01-27,The app was slow this week but it resolved itself.,0.2617,neutral
711345258,2025-10-23,The app was slow this week but it resolved itself.,0.2617,neutral
715412583,2025-05-08,"Had a question about my statement, support was helpful.",0.6705,neutral
769962933,2025-01-21,The app was slow this week but it resolved itself.,0.2617,neutral
778880358,2025-04-05,The app was slow this week but it resolved itself.,0.2617,neutral
779349783,2025-02-21,Slight delay on my transfer but it went through fine.,0.1406,neutral
740065833,2025-03-12,Slight delay on my transfer but it went through fine.,0.1406,neutral
771304383,2025-07-02,"Had a question about my statement, support was helpful.",0.6705,neutral
769095558,2025-08-08,Slight delay on my transfer but it went through fine.,0.1406,neutral
720169383,2025-12-28,"Had a question about my statement, support was helpful.",0.6705,neutral
710423358,2025-01-04,Slight delay on my transfer but it went through fine.,0.1406,neutral
767523933,2025-04-13,"Had a question about my statement, support was helpful.",0.6705,neutral
715588908,2025-05-08,"Had a question about my statement, support was helpful.",0.6705,neutral
767093133,2025-06-15,"Had a question about my statement, support was helpful.",0.6705,neutral
751350558,2025-03-18,The app was slow this week but it resolved itself.,0.2617,neutral
714290583,2025-07-17,The app was slow this week but it resolved itself.,0.2617,neutral
708281433,2025-08-25,The app was slow this week but it resolved itself.,0.2617,neutral
806694333,2025-02-12,"Had a question about my statement, support was helpful.",0.6705,neutral
712503408,2025-07-30,Slight delay on my transfer but it went through fine.,0.1406,neutral
714707133,2025-02-17,The app was slow this week but it resolved itself.,0.2617,neutral
821157183,2025-12-28,"Had a question about my statement, support was helpful.",0.6705,neutral
719621958,2025-01-08,The app was slow this week but it resolved itself.,0.2617,neutral
779597133,2025-10-18,The app was slow this week but it resolved itself.,0.2617,neutral
767958933,2025-11-18,The app was slow this week but it resolved itself.,0.2617,neutral
716680983,2025-12-02,"Had a question about my statement, support was helpful.",0.6705,neutral
772111083,2025-01-28,"Had a question about my statement, support was helpful.",0.6705,neutral
719184783,2025-01-08,"Had a question about my statement, support was helpful.",0.6705,neutral
779658408,2025-06-17,"Had a question about my statement, support was helpful.",0.6705,neutral
772669833,2025-12-07,The app was slow this week but it resolved itself.,0.2617,neutral
758802333,2025-02-08,"Had a question about my statement, support was helpful.",0.6705,neutral
711963183,2025-05-18,"Had a question about my statement, support was helpful.",0.6705,neutral
719999508,2025-03-24,The app was slow this week but it resolved itself.,0.2617,neutral
716685033,2025-05-02,The app was slow this week but it resolved itself.,0.2617,neutral
813952233,2025-07-18,"Had a question about my statement, support was helpful.",0.6705,neutral
809071083,2025-08-18,"Had a question about my statement, support was helpful.",0.6705,neutral
713542908,2025-08-14,"Had a question about my statement, support was helpful.",0.6705,neutral
758086458,2025-04-06,Slight delay on my transfer but it went through fine.,0.1406,neutral
768457008,2025-11-14,"Had a question about my statement, support was helpful.",0.6705,neutral
720871383,2025-06-23,Slight delay on my transfer but it went through fine.,0.1406,neutral
713747733,2025-04-17,Slight delay on my transfer but it went through fine.,0.1406,neutral
771214083,2025-01-08,The app was slow this week but it resolved itself.,0.2617,neutral
714510483,2025-12-08,"Had a question about my statement, support was helpful.",0.6705,neutral
711498258,2025-07-05,Slight delay on my transfer but it went through fine.,0.1406,neutral
790221633,2025-11-19,"Had a question about my statement, support was helpful.",0.6705,neutral
790023408,2025-04-07,"Had a question about my statement, support was helpful.",0.6705,neutral
768460908,2025-01-02,The app was slow this week but it resolved itself.,0.2617,neutral
718882008,2025-05-13,Slight delay on my transfer but it went through fine.,0.1406,neutral
709436883,2025-11-18,"Had a question about my statement, support was helpful.",0.6705,neutral
823863033,2025-03-19,The app was slow this week but it resolved itself.,0.2617,neutral
719651358,2025-05-27,"Had a question about my statement, support was helpful.",0.6705,neutral
713490483,2025-02-02,Slight delay on my transfer but it went through fine.,0.1406,neutral
772409733,2025-07-28,Slight delay on my transfer but it went through fine.,0.1406,neutral
787504158,2025-07-17,"Had a question about my statement, support was helpful.",0.6705,neutral
713974533,2025-02-24,The app was slow this week but it resolved itself.,0.2617,neutral
715971108,2025-07-22,Slight delay on my transfer but it went through fine.,0.1406,neutral
788960658,2025-09-04,"Had a question about my statement, support was helpful.",0.6705,neutral
715585158,2025-01-21,Slight delay on my transfer but it went through fine.,0.1406,neutral
709635858,2025-06-12,The app was slow this week but it resolved itself.,0.2617,neutral
713986908,2025-12-27,Slight delay on my transfer but it went through fine.,0.1406,neutral
709159308,2025-05-30,The app was slow this week but it resolved itself.,0.2617,neutral
712762758,2025-01-16,The app was slow this week but it resolved itself.,0.2617,neutral
709077933,2025-03-03,Slight delay on my transfer but it went through fine.,0.1406,neutral
719904333,2025-02-19,Slight delay on my transfer but it went through fine.,0.1406,neutral
713095533,2025-10-18,The app was slow this week but it resolved itself.,0.2617,neutral
717998058,2025-07-25,Slight delay on my transfer but it went through fine.,0.1406,neutral
765055833,2025-11-09,The app was slow this week but it resolved itself.,0.2617,neutral
798788958,2025-07-11,"Had a question about my statement, support was helpful.",0.6705,neutral
716548083,2025-12-15,The app was slow this week but it resolved itself.,0.2617,neutral
719035758,2025-05-09,The app was slow this week but it resolved itself.,0.2617,neutral
822056583,2025-06-21,Slight delay on my transfer but it went through fine.,0.1406,neutral
771942333,2025-01-10,Slight delay on my transfer but it went through fine.,0.1406,neutral
715351983,2025-06-13,Slight delay on my transfer but it went through fine.,0.1406,neutral
809363958,2025-07-07,Slight delay on my transfer but it went through fine.,0.1406,neutral
717569283,2025-02-07,The app was slow this week but it resolved itself.,0.2617,neutral
789170283,2025-07-03,"Had a question about my statement, support was helpful.",0.6705,neutral
711885258,2025-02-18,Slight delay on my transfer but it went through fine.,0.1406,neutral
787454133,2025-04-06,"Had a question about my statement, support was helpful.",0.6705,neutral
816528333,2025-05-30,Slight delay on my transfer but it went through fine.,0.1406,neutral
794217108,2025-03-30,"Had a question about my statement, support was helpful.",0.6705,neutral
710070183,2025-08-18,The app was slow this week but it resolved itself.,0.2617,neutral
770926158,2025-10-19,The app was slow this week but it resolved itself.,0.2617,neutral
712228458,2025-08-29,"Had a question about my statement, support was helpful.",0.6705,neutral
779401233,2025-01-23,The app was slow this week but it resolved itself.,0.2617,neutral
716041908,2025-03-13,"Had a question about my statement, support was helpful.",0.6705,neutral
788767983,2025-08-21,Slight delay on my transfer but it went through fine.,0.1406,neutral
721379433,2025-11-09,"Had a question about my statement, support was helpful.",0.6705,neutral
751381458,2025-09-01,"Had a question about my statement, support was helpful.",0.6705,neutral
710914158,2025-06-08,Slight delay on my transfer but it went through fine.,0.1406,neutral
708672708,2025-10-07,Slight delay on my transfer but it went through fine.,0.1406,neutral
779367858,2025-04-19,"Had a question about my statement, support was helpful.",0.6705,neutral
813764283,2025-05-22,Slight delay on my transfer but it went through fine.,0.1406,neutral
710783358,2025-04-08,Slight delay on my transfer but it went through fine.,0.1406,neutral
788728608,2025-09-01,The app was slow this week but it resolved itself.,0.2617,neutral
716452908,2025-02-06,Slight delay on my transfer but it went through fine.,0.1406,neutral
789627258,2025-03-19,Slight delay on my transfer but it went through fine.,0.1406,neutral
719323683,2025-02-19,The app was slow this week but it resolved itself.,0.2617,neutral
718016808,2025-05-05,Slight delay on my transfer but it went through fine.,0.1406,neutral
719524383,2025-12-24,"Had a question about my statement, support was helpful.",0.6705,neutral
720430083,2025-12-03,The app was slow this week but it resolved itself.,0.2617,neutral
789296133,2025-07-27,The app was slow this week but it resolved itself.,0.2617,neutral
779557533,2025-10-22,Slight delay on my transfer but it went through fine.,0.1406,neutral
712271958,2025-12-12,"Had a question about my statement, support was helpful.",0.6705,neutral
715968858,2025-03-19,The app was slow this week but it resolved itself.,0.2617,neutral
779506158,2025-02-04,Slight delay on my transfer but it went through fine.,0.1406,neutral
713499408,2025-11-24,Slight delay on my transfer but it went through fine.,0.1406,neutral
708292833,2025-06-05,Slight delay on my transfer but it went through fine.,0.1406,neutral
788528958,2025-09-09,"Had a question about my statement, support was helpful.",0.6705,neutral
714315858,2025-07-09,"Had a question about my statement, support was helpful.",0.6705,neutral
801363633,2025-01-01,The app was slow this week but it resolved itself.,0.2617,neutral
708623283,2025-08-29,"Had a question about my statement, support was helpful.",0.6705,neutral
801502008,2025-04-26,"Had a question about my statement, support was helpful.",0.6705,neutral
715253433,2025-07-27,Slight delay on my transfer but it went through fine.,0.1406,neutral
718756533,2025-04-30,The app was slow this week but it resolved itself.,0.2617,neutral
709690158,2025-05-05,Slight delay on my transfer but it went through fine.,0.1406,neutral
709166883,2025-08-18,"Had a question about my statement, support was helpful.",0.6705,neutral
719518308,2025-09-28,The app was slow this week but it resolved itself.,0.2617,neutral
780897858,2025-07-09,The app was slow this week but it resolved itself.,0.2617,neutral
760807608,2025-09-18,The app was slow this week but it resolved itself.,0.2617,neutral
735825258,2025-03-20,The app was slow this week but it resolved itself.,0.2617,neutral
766285608,2025-08-10,The app was slow this week but it resolved itself.,0.2617,neutral
780376683,2025-03-13,The app was slow this week but it resolved itself.,0.2617,neutral
789968058,2025-04-09,The app was slow this week but it resolved itself.,0.2617,neutral
712283808,2025-07-16,Slight delay on my transfer but it went through fine.,0.1406,neutral
718460958,2025-11-26,"Had a question about my statement, support was helpful.",0.6705,neutral
715365183,2025-02-09,The app was slow this week but it resolved itself.,0.2617,neutral
718174908,2025-12-29,The app was slow this week but it resolved itself.,0.2617,neutral
771844458,2025-06-28,Slight delay on my transfer but it went through fine.,0.1406,neutral
711070683,2025-09-08,"Had a question about my statement, support was helpful.",0.6705,neutral
710630583,2025-12-05,The app was slow this week but it resolved itself.,0.2617,neutral
716037708,2025-11-13,"Had a question about my statement, support was helpful.",0.6705,neutral
709364433,2025-07-18,"Had a question about my statement, support was helpful.",0.6705,neutral
714586458,2025-09-06,Slight delay on my transfer but it went through fine.,0.1406,neutral
720414558,2025-11-06,The app was slow this week but it resolved itself.,0.2617,neutral
717237708,2025-05-09,Slight delay on my transfer but it went through fine.,0.1406,neutral
808732458,2025-06-03,"Had a question about my statement, support was helpful.",0.6705,neutral
717280158,2025-05-13,Slight delay on my transfer but it went through fine.,0.1406,neutral
715321983,2025-09-12,"Had a question about my statement, support was helpful.",0.6705,neutral
712203333,2025-07-02,The app was slow this week but it resolved itself.,0.2617,neutral
713023158,2025-08-23,Slight delay on my transfer but it went through fine.,0.1406,neutral
805461783,2025-10-19,"Had a question about my statement, support was helpful.",0.6705,neutral
720152058,2025-11-16,The app was slow this week but it resolved itself.,0.2617,neutral
720852108,2025-06-08,"Had a question about my statement, support was helpful.",0.6705,neutral
822984108,2025-12-05,The app was slow this week but it resolved itself.,0.2617,neutral
714103083,2025-08-14,"Had a question about my statement, support was helpful.",0.6705,neutral
709531908,2025-04-16,Slight delay on my transfer but it went through fine.,0.1406,neutral
789076083,2025-07-03,Slight delay on my transfer but it went through fine.,0.1406,neutral
757863258,2025-07-26,"Had a question about my statement, support was helpful.",0.6705,neutral
788974608,2025-12-16,"Had a question about my statement, support was helpful.",0.6705,neutral
717613233,2025-09-08,The app was slow this week but it resolved itself.,0.2617,neutral
789525408,2025-07-13,Slight delay on my transfer but it went through fine.,0.1406,neutral
813915933,2025-11-21,Slight delay on my transfer but it went through fine.,0.1406,neutral
819189108,2025-02-13,"Had a question about my statement, support was helpful.",0.6705,neutral
720282558,2025-03-17,Slight delay on my transfer but it went through fine.,0.1406,neutral
713380308,2025-04-11,"Had a question about my statement, support was helpful.",0.6705,neutral
712645908,2025-02-12,The app was slow this week but it resolved itself.,0.2617,neutral
715190283,2025-04-24,Slight delay on my transfer but it went through fine.,0.1406,neutral
715829358,2025-01-06,Slight delay on my transfer but it went through fine.,0.1406,neutral
713362158,2025-12-04,The app was slow this week but it resolved itself.,0.2617,neutral
714951858,2025-01-27,"Had a question about my statement, support was helpful.",0.6705,neutral
713375658,2025-01-30,"Had a question about my statement, support was helpful.",0.6705,neutral
775198608,2025-07-18,Slight delay on my transfer but it went through fine.,0.1406,neutral
719799033,2025-03-13,The app was slow this week but it resolved itself.,0.2617,neutral
759947433,2025-06-22,Slight delay on my transfer but it went through fine.,0.1406,neutral
712653183,2025-05-14,"Had a question about my statement, support was helpful.",0.6705,neutral
719688408,2025-08-04,"Had a question about my statement, support was helpful.",0.6705,neutral
801048483,2025-07-01,"Had a question about my statement, support was helpful.",0.6705,neutral
779998083,2025-11-13,Slight delay on my transfer but it went through fine.,0.1406,neutral
779155158,2025-05-01,The app was slow this week but it resolved itself.,0.2617,neutral
789833583,2025-08-26,The app was slow this week but it resolved itself.,0.2617,neutral
714256758,2025-02-04,The app was slow this week but it resolved itself.,0.2617,neutral
714373308,2025-11-13,"Had a question about my statement, support was helpful.",0.6705,neutral
713438358,2025-06-06,The app was slow this week but it resolved itself.,0.2617,neutral
714648933,2025-10-03,"Had a question about my statement, support was helpful.",0.6705,neutral
818923158,2025-07-23,"Had a question about my statement, support was helpful.",0.6705,neutral
827318958,2025-04-30,"Had a question about my statement, support was helpful.",0.6705,neutral
713348433,2025-07-07,"Had a question about my statement, support was helpful.",0.6705,neutral
717547383,2025-04-19,The app was slow this week but it resolved itself.,0.2617,neutral
718346658,2025-12-04,Slight delay on my transfer but it went through fine.,0.1406,neutral
715814433,2025-11-12,"Had a question about my statement, support was helpful.",0.6705,neutral
713732883,2025-03-18,The app was slow this week but it resolved itself.,0.2617,neutral
778939683,2025-07-24,"Had a question about my statement, support was helpful.",0.6705,neutral
717591483,2025-05-12,Slight delay on my transfer but it went through fine.,0.1406,neutral
712069008,2025-06-27,The app was slow this week but it resolved itself.,0.2617,neutral
709265208,2025-02-26,"Had a question about my statement, support was helpful.",0.6705,neutral
717229158,2025-12-02,"Had a question about my statement, support was helpful.",0.6705,neutral
715352883,2025-07-16,The app was slow this week but it resolved itself.,0.2617,neutral
719888358,2025-05-06,"Had a question about my statement, support was helpful.",0.6705,neutral
789823383,2025-04-26,Slight delay on my transfer but it went through fine.,0.1406,neutral
719283633,2025-10-02,Slight delay on my transfer but it went through fine.,0.1406,neutral
718764708,2025-08-17,Slight delay on my transfer but it went through fine.,0.1406,neutral
711708408,2025-02-14,"Had a question about my statement, support was helpful.",0.6705,neutral
718561458,2025-07-06,Slight delay on my transfer but it went through fine.,0.1406,neutral
714047733,2025-11-04,"Had a question about my statement, support was helpful.",0.6705,neutral
716038533,2025-09-12,The app was slow this week but it resolved itself.,0.2617,neutral
719952408,2025-10-06,"Had a question about my statement, support was helpful.",0.6705,neutral
710815608,2025-11-14,The app was slow this week but it resolved itself.,0.2617,neutral
802087683,2025-07-13,"Had a question about my statement, support was helpful.",0.6705,neutral
804867183,2025-06-17,The app was slow this week but it resolved itself.,0.2617,neutral
716968683,2025-02-16,"Had a question about my statement, support was helpful.",0.6705,neutral
772655733,2025-02-23,Slight delay on my transfer but it went through fine.,0.1406,neutral
709741608,2025-12-10,Slight delay on my transfer but it went through fine.,0.1406,neutral
717427983,2025-01-13,"Had a question about my statement, support was helpful.",0.6705,neutral
708812133,2025-03-25,"Had a question about my statement, support was helpful.",0.6705,neutral
790141308,2025-04-10,Slight delay on my transfer but it went through fine.,0.1406,neutral
827341383,2025-12-07,"Had a question about my statement, support was helpful.",0.6705,neutral
711954558,2025-08-13,Slight delay on my transfer but it went through fine.,0.1406,neutral
715771608,2025-05-01,Slight delay on my transfer but it went through fine.,0.1406,neutral
715398033,2025-12-07,Slight delay on my transfer but it went through fine.,0.1406,neutral
709224858,2025-10-26,Slight delay on my transfer but it went through fine.,0.1406,neutral
768600558,2025-12-21,The app was slow this week but it resolved itself.,0.2617,neutral
717651333,2025-07-21,The app was slow this week but it resolved itself.,0.2617,neutral
708828258,2025-07-01,The app was slow this week but it resolved itself.,0.2617,neutral
709012083,2025-12-07,Slight delay on my transfer but it went through fine.,0.1406,neutral
711776433,2025-11-14,The app was slow this week but it resolved itself.,0.2617,neutral
717659883,2025-12-05,"Had a question about my statement, support was helpful.",0.6705,neutral
720995583,2025-12-20,"Had a question about my statement, support was helpful.",0.6705,neutral
715776033,2025-06-17,"Had a question about my statement, support was helpful.",0.6705,neutral
718654533,2025-06-06,Slight delay on my transfer but it went through fine.,0.1406,neutral
771725808,2025-10-14,"Had a question about my statement, support was helpful.",0.6705,neutral
813435108,2025-02-26,The app was slow this week but it resolved itself.,0.2617,neutral
784880958,2025-05-06,Slight delay on my transfer but it went through fine.,0.1406,neutral
721213833,2025-10-29,"Had a question about my statement, support was helpful.",0.6705,neutral
712437108,2025-06-11,The app was slow this week but it resolved itself.,0.2617,neutral
778268508,2025-04-04,"Had a question about my statement, support was helpful.",0.6705,neutral
715824108,2025-10-15,Slight delay on my transfer but it went through fine.,0.1406,neutral
721342383,2025-07-25,Slight delay on my transfer but it went through fine.,0.1406,neutral
806232408,2025-03-31,The app was slow this week but it resolved itself.,0.2617,neutral
717200508,2025-02-21,The app was slow this week but it resolved itself.,0.2617,neutral
779804208,2025-02-04,Slight delay on my transfer but it went through fine.,0.1406,neutral
719703483,2025-09-09,"Had a question about my statement, support was helpful.",0.6705,neutral
713766183,2025-04-01,Slight delay on my transfer but it went through fine.,0.1406,neutral
720070383,2025-04-11,Slight delay on my transfer but it went through fine.,0.1406,neutral
716445783,2025-06-03,Slight delay on my transfer but it went through fine.,0.1406,neutral
709606158,2025-06-15,The app was slow this week but it resolved itself.,0.2617,neutral
717387933,2025-10-16,"Had a question about my statement, support was helpful.",0.6705,neutral
803342358,2025-08-24,Slight delay on my transfer but it went through fine.,0.1406,neutral
721523658,2025-04-25,The app was slow this week but it resolved itself.,0.2617,neutral
809092458,2025-01-12,"Had a question about my statement, support was helpful.",0.6705,neutral
789507408,2025-10-16,The app was slow this week but it resolved itself.,0.2617,neutral
714534108,2025-10-16,The app was slow this week but it resolved itself.,0.2617,neutral
814219008,2025-10-07,Slight delay on my transfer but it went through fine.,0.1406,neutral
709124883,2025-05-06,"Had a question about my statement, support was helpful.",0.6705,neutral
714631833,2025-12-10,Slight delay on my transfer but it went through fine.,0.1406,neutral
714547458,2025-09-04,Slight delay on my transfer but it went through fine.,0.1406,neutral
789186858,2025-01-11,"Had a question about my statement, support was helpful.",0.6705,neutral
709591533,2025-03-14,"Had a question about my statement, support was helpful.",0.6705,neutral
715593783,2025-05-30,Slight delay on my transfer but it went through fine.,0.1406,neutral
718909158,2025-10-01,"Had a question about my statement, support was helpful.",0.6705,neutral
828236133,2025-08-16,"Had a question about my statement, support was helpful.",0.6705,neutral
708923658,2025-06-26,"Had a question about my statement, support was helpful.",0.6705,neutral
715717608,2025-05-01,The app was slow this week but it resolved itself.,0.2617,neutral
819628158,2025-03-14,Slight delay on my transfer but it went through fine.,0.1406,neutral
710628783,2025-12-21,"Had a question about my statement, support was helpful.",0.6705,neutral
779474958,2025-08-21,Slight delay on my transfer but it went through fine.,0.1406,neutral
713634108,2025-01-08,The app was slow this week but it resolved itself.,0.2617,neutral
717622308,2025-09-24,Slight delay on my transfer but it went through fine.,0.1406,neutral
710429358,2025-11-21,"Had a question about my statement, support was helpful.",0.6705,neutral
779873508,2025-04-28,"Had a question about my statement, support was helpful.",0.6705,neutral
709719333,2025-09-01,"Had a question about my statement, support was helpful.",0.6705,neutral
713800158,2025-09-07,"Had a question about my statement, support was helpful.",0.6705,neutral
711131958,2025-06-12,Slight delay on my transfer but it went through fine.,0.1406,neutral
714702033,2025-08-16,"Had a question about my statement, support was helpful.",0.6705,neutral
715118058,2025-06-27,"Had a question about my statement, support was helpful.",0.6705,neutral
715079208,2025-09-21,The app was slow this week but it resolved itself.,0.2617,neutral
780790008,2025-10-02,Slight delay on my transfer but it went through fine.,0.1406,neutral
712986483,2025-09-12,"Had a question about my statement, support was helpful.",0.6705,neutral
713769258,2025-03-28,Slight delay on my transfer but it went through fine.,0.1406,neutral
708665133,2025-02-20,"Had a question about my statement, support was helpful.",0.6705,neutral
802675983,2025-06-27,Slight delay on my transfer but it went through fine.,0.1406,neutral
709932558,2025-04-18,Slight delay on my transfer but it went through fine.,0.1406,neutral
713102733,2025-11-30,"Had a question about my statement, support was helpful.",0.6705,neutral
803973483,2025-07-16,The app was slow this week but it resolved itself.,0.2617,neutral
715005558,2025-02-16,The app was slow this week but it resolved itself.,0.2617,neutral
787438983,2025-10-13,"Had a question about my statement, support was helpful.",0.6705,neutral
711337158,2025-02-03,Slight delay on my transfer but it went through fine.,0.1406,neutral
719362458,2025-12-22,The app was slow this week but it resolved itself.,0.2617,neutral
713444058,2025-10-19,The app was slow this week but it resolved itself.,0.2617,neutral
806917983,2025-12-30,The app was slow this week but it resolved itself.,0.2617,neutral
789392883,2025-06-22,The app was slow this week but it resolved itself.,0.2617,neutral
711231558,2025-02-27,Slight delay on my transfer but it went through fine.,0.1406,neutral
779667408,2025-10-02,The app was slow this week but it resolved itself.,0.2617,neutral
709127808,2025-11-23,"Had a question about my statement, support was helpful.",0.6705,neutral
711255858,2025-06-04,The app was slow this week but it resolved itself.,0.2617,neutral
770839608,2025-06-07,The app was slow this week but it resolved itself.,0.2617,neutral
718858683,2025-08-11,The app was slow this week but it resolved itself.,0.2617,neutral
813573333,2025-04-17,Slight delay on my transfer but it went through fine.,0.1406,neutral
796532958,2025-12-09,Slight delay on my transfer but it went through fine.,0.1406,neutral
720235608,2025-07-14,Slight delay on my transfer but it went through fine.,0.1406,neutral
713738883,2025-01-02,Slight delay on my transfer but it went through fine.,0.1406,neutral
712246983,2025-03-26,Slight delay on my transfer but it went through fine.,0.1406,neutral
716211258,2025-04-18,"Had a question about my statement, support was helpful.",0.6705,neutral
708596283,2025-03-12,Slight delay on my transfer but it went through fine.,0.1406,neutral
715436883,2025-06-05,"Had a question about my statement, support was helpful.",0.6705,neutral
709245783,2025-04-01,"Had a question about my statement, support was helpful.",0.6705,neutral
711333933,2025-09-19,The app was slow this week but it resolved itself.,0.2617,neutral
715690908,2025-08-12,"Had a question about my statement, support was helpful.",0.6705,neutral
807426033,2025-09-10,The app was slow this week but it resolved itself.,0.2617,neutral
811532208,2025-01-21,The app was slow this week but it resolved itself.,0.2617,neutral
708426483,2025-01-18,Slight delay on my transfer but it went through fine.,0.1406,neutral
708219858,2025-12-15,Slight delay on my transfer but it went through fine.,0.1406,neutral
720756708,2025-10-15,Slight delay on my transfer but it went through fine.,0.1406,neutral
715033533,2025-09-30,"Had a question about my statement, support was helpful.",0.6705,neutral
708474333,2025-11-29,Slight delay on my transfer but it went through fine.,0.1406,neutral
713509908,2025-06-30,The app was slow this week but it resolved itself.,0.2617,neutral
822964683,2025-05-03,The app was slow this week but it resolved itself.,0.2617,neutral
716043258,2025-07-05,Slight delay on my transfer but it went through fine.,0.1406,neutral
788290383,2025-11-06,Slight delay on my transfer but it went through fine.,0.1406,neutral
710701233,2025-07-05,Slight delay on my transfer but it went through fine.,0.1406,neutral
711197658,2025-03-13,The app was slow this week but it resolved itself.,0.2617,neutral
778734108,2025-04-27,Slight delay on my transfer but it went through fine.,0.1406,neutral
715000383,2025-05-14,"Had a question about my statement, support was helpful.",0.6705,neutral
771403008,2025-08-01,"Had a question about my statement, support was helpful.",0.6705,neutral
714024858,2025-05-04,"Had a question about my statement, support was helpful.",0.6705,neutral
721473783,2025-11-04,The app was slow this week but it resolved itself.,0.2617,neutral
802884933,2025-02-25,The app was slow this week but it resolved itself.,0.2617,neutral
717916758,2025-05-15,"Had a question about my statement, support was helpful.",0.6705,neutral
713789883,2025-09-04,The app was slow this week but it resolved itself.,0.2617,neutral
719731458,2025-05-22,"Had a question about my statement, support was helpful.",0.6705,neutral
713607108,2025-12-13,Slight delay on my transfer but it went through fine.,0.1406,neutral
719473458,2025-07-12,"Had a question about my statement, support was helpful.",0.6705,neutral
711453783,2025-06-09,Slight delay on my transfer but it went through fine.,0.1406,neutral
712206033,2025-10-08,"Had a question about my statement, support was helpful.",0.6705,neutral
743265108,2025-08-06,Slight delay on my transfer but it went through fine.,0.1406,neutral
771730758,2025-04-21,Slight delay on my transfer but it went through fine.,0.1406,neutral
714725883,2025-06-15,The app was slow this week but it resolved itself.,0.2617,neutral
717233058,2025-08-20,Slight delay on my transfer but it went through fine.,0.1406,neutral
718589133,2025-07-21,"Had a question about my statement, support was helpful.",0.6705,neutral
766429908,2025-03-17,Slight delay on my transfer but it went through fine.,0.1406,neutral
719911458,2025-12-27,The app was slow this week but it resolved itself.,0.2617,neutral
710026458,2025-02-16,The app was slow this week but it resolved itself.,0.2617,neutral
813807258,2025-02-19,"Had a question about my statement, support was helpful.",0.6705,neutral
716934333,2025-03-12,The app was slow this week but it resolved itself.,0.2617,neutral
789331908,2025-05-18,Slight delay on my transfer but it went through fine.,0.1406,neutral
788544108,2025-06-20,The app was slow this week but it resolved itself.,0.2617,neutral
715148658,2025-05-10,Slight delay on my transfer but it went through fine.,0.1406,neutral
718421808,2025-05-19,Slight delay on my transfer but it went through fine.,0.1406,neutral
716580033,2025-11-03,Slight delay on my transfer but it went through fine.,0.1406,neutral
807986133,2025-04-26,Slight delay on my transfer but it went through fine.,0.1406,neutral
771862308,2025-09-30,Slight delay on my transfer but it went through fine.,0.1406,neutral
712072908,2025-07-11,The app was slow this week but it resolved itself.,0.2617,neutral
716362008,2025-03-17,"Had a question about my statement, support was helpful.",0.6705,neutral
709179708,2025-03-11,Slight delay on my transfer but it went through fine.,0.1406,neutral
814995933,2025-11-06,Slight delay on my transfer but it went through fine.,0.1406,neutral
716568708,2025-03-18,Slight delay on my transfer but it went through fine.,0.1406,neutral
721299483,2025-02-08,Slight delay on my transfer but it went through fine.,0.1406,neutral
712464933,2025-03-24,"Had a question about my statement, support was helpful.",0.6705,neutral
803355408,2025-04-27,The app was slow this week but it resolved itself.,0.2617,neutral
715474833,2025-12-28,Slight delay on my transfer but it went through fine.,0.1406,neutral
714790008,2025-01-02,The app was slow this week but it resolved itself.,0.2617,neutral
718431258,2025-09-03,"Had a question about my statement, support was helpful.",0.6705,neutral
717004533,2025-03-27,"Had a question about my statement, support was helpful.",0.6705,neutral
821755233,2025-04-12,Slight delay on my transfer but it went through fine.,0.1406,neutral
807226683,2025-12-21,The app was slow this week but it resolved itself.,0.2617,neutral
720105933,2025-12-19,Slight delay on my transfer but it went through fine.,0.1406,neutral
720799608,2025-12-09,"Had a question about my statement, support was helpful.",0.6705,neutral
779422458,2025-05-13,The app was slow this week but it resolved itself.,0.2617,neutral
779737233,2025-03-05,The app was slow this week but it resolved itself.,0.2617,neutral
715754133,2025-07-25,The app was slow this week but it resolved itself.,0.2617,neutral
804610908,2025-10-19,"Had a question about my statement, support was helpful.",0.6705,neutral
711283008,2025-10-13,"Had a question about my statement, support was helpful.",0.6705,neutral
825850383,2025-11-12,Slight delay on my transfer but it went through fine.,0.1406,neutral
758875908,2025-11-10,Slight delay on my transfer but it went through fine.,0.1406,neutral
708992733,2025-09-17,The app was slow this week but it resolved itself.,0.2617,neutral
745853283,2025-02-11,Slight delay on my transfer but it went through fine.,0.1406,neutral
770828358,2025-04-23,"Had a question about my statement, support was helpful.",0.6705,neutral
709334658,2025-08-13,"Had a question about my statement, support was helpful.",0.6705,neutral
818701383,2025-08-02,"Had a question about my statement, support was helpful.",0.6705,neutral
719925483,2025-02-06,The app was slow this week but it resolved itself.,0.2617,neutral
765824058,2025-03-12,Slight delay on my transfer but it went through fine.,0.1406,neutral
719226333,2025-11-29,Slight delay on my transfer but it went through fine.,0.1406,neutral
719238183,2025-06-06,The app was slow this week but it resolved itself.,0.2617,neutral
811965558,2025-07-22,The app was slow this week but it resolved itself.,0.2617,neutral
708173433,2025-07-12,The app was slow this week but it resolved itself.,0.2617,neutral
713835258,2025-08-06,Slight delay on my transfer but it went through fine.,0.1406,neutral
712880283,2025-01-15,Slight delay on my transfer but it went through fine.,0.1406,neutral
719555733,2025-03-30,The app was slow this week but it resolved itself.,0.2617,neutral
807275733,2025-04-08,The app was slow this week but it resolved itself.,0.2617,neutral
720697908,2025-11-29,"Had a question about my statement, support was helpful.",0.6705,neutral
716396358,2025-07-01,Slight delay on my transfer but it went through fine.,0.1406,neutral
797666358,2025-05-06,Slight delay on my transfer but it went through fine.,0.1406,neutral
710147958,2025-09-29,Slight delay on my transfer but it went through fine.,0.1406,neutral
765755283,2025-07-12,"Had a question about my statement, support was helpful.",0.6705,neutral
794653983,2025-01-09,Slight delay on my transfer but it went through fine.,0.1406,neutral
719627133,2025-09-10,Slight delay on my transfer but it went through fine.,0.1406,neutral
711421233,2025-04-04,"Had a question about my statement, support was helpful.",0.6705,neutral
712813458,2025-09-07,The app was slow this week but it resolved itself.,0.2617,neutral
719034183,2025-09-26,Slight delay on my transfer but it went through fine.,0.1406,neutral
720376008,2025-06-29,"Had a question about my statement, support was helpful.",0.6705,neutral
778428108,2025-04-10,The app was slow this week but it resolved itself.,0.2617,neutral
708534033,2025-06-22,The app was slow this week but it resolved itself.,0.2617,neutral
717276708,2025-01-20,The app was slow this week but it resolved itself.,0.2617,neutral
773356008,2025-03-02,Slight delay on my transfer but it went through fine.,0.1406,neutral
716343408,2025-01-07,The app was slow this week but it resolved itself.,0.2617,neutral
717549408,2025-03-09,The app was slow this week but it resolved itself.,0.2617,neutral
713610933,2025-03-24,"Had a question about my statement, support was helpful.",0.6705,neutral
718622658,2025-06-13,"Had a question about my statement, support was helpful.",0.6705,neutral
716908158,2025-07-11,"Had a question about my statement, support was helpful.",0.6705,neutral
808669083,2025-08-22,"Had a question about my statement, support was helpful.",0.6705,neutral
714140133,2025-02-21,The app was slow this week but it resolved itself.,0.2617,neutral
709916058,2025-03-19,"Had a question about my statement, support was helpful.",0.6705,neutral
718116933,2025-04-14,Slight delay on my transfer but it went through fine.,0.1406,neutral
720253908,2025-04-05,"Had a question about my statement, support was helpful.",0.6705,neutral
716456808,2025-06-25,The app was slow this week but it resolved itself.,0.2617,neutral
822893133,2025-01-01,The app was slow this week but it resolved itself.,0.2617,neutral
715729683,2025-08-17,Slight delay on my transfer but it went through fine.,0.1406,neutral
712053033,2025-03-13,The app was slow this week but it resolved itself.,0.2617,neutral
713009208,2025-09-12,"Had a question about my statement, support was helpful.",0.6705,neutral
815500983,2025-12-15,The app was slow this week but it resolved itself.,0.2617,neutral
814497483,2025-08-25,Slight delay on my transfer but it went through fine.,0.1406,neutral
788240358,2025-02-22,The app was slow this week but it resolved itself.,0.2617,neutral
709217358,2025-01-19,"Had a question about my statement, support was helpful.",0.6705,neutral
714457083,2025-08-14,Slight delay on my transfer but it went through fine.,0.1406,neutral
714499908,2025-08-15,Slight delay on my transfer but it went through fine.,0.1406,neutral
709587783,2025-11-01,"Had a question about my statement, support was helpful.",0.6705,neutral
786493908,2025-12-18,Slight delay on my transfer but it went through fine.,0.1406,neutral
720237408,2025-10-19,The app was slow this week but it resolved itself.,0.2617,neutral
708290208,2025-10-11,"Had a question about my statement, support was helpful.",0.6705,neutral
715054683,2025-01-14,Slight delay on my transfer but it went through fine.,0.1406,neutral
818763033,2025-03-05,Slight delay on my transfer but it went through fine.,0.1406,neutral
714181008,2025-03-31,"Had a question about my statement, support was helpful.",0.6705,neutral
710761533,2025-06-05,Slight delay on my transfer but it went through fine.,0.1406,neutral
718967433,2025-12-05,"Had a question about my statement, support was helpful.",0.6705,neutral
793842558,2025-04-04,The app was slow this week but it resolved itself.,0.2617,neutral
718043583,2025-08-22,Slight delay on my transfer but it went through fine.,0.1406,neutral
710969433,2025-04-16,The app was slow this week but it resolved itself.,0.2617,neutral
717711108,2025-11-05,The app was slow this week but it resolved itself.,0.2617,neutral
711238908,2025-06-24,Slight delay on my transfer but it went through fine.,0.1406,neutral
716023533,2025-02-11,"Had a question about my statement, support was helpful.",0.6705,neutral
714713508,2025-12-05,Slight delay on my transfer but it went through fine.,0.1406,neutral
717096858,2025-04-09,Slight delay on my transfer but it went through fine.,0.1406,neutral
720986958,2025-10-12,The app was slow this week but it resolved itself.,0.2617,neutral
713899383,2025-01-01,The app was slow this week but it resolved itself.,0.2617,neutral
716758908,2025-06-12,The app was slow this week but it resolved itself.,0.2617,neutral
715009833,2025-11-02,"Had a question about my statement, support was helpful.",0.6705,neutral
767023308,2025-05-17,The app was slow this week but it resolved itself.,0.2617,neutral
708453408,2025-12-14,The app was slow this week but it resolved itself.,0.2617,neutral
715276683,2025-02-11,The app was slow this week but it resolved itself.,0.2617,neutral
713889933,2025-02-25,"Had a question about my statement, support was helpful.",0.6705,neutral
824177733,2025-11-05,The app was slow this week but it resolved itself.,0.2617,neutral
714013083,2025-11-30,Slight delay on my transfer but it went through fine.,0.1406,neutral
768364233,2025-07-05,Slight delay on my transfer but it went through fine.,0.1406,neutral
765584208,2025-07-29,"Had a question about my statement, support was helpful.",0.6705,neutral
715281933,2025-05-22,The app was slow this week but it resolved itself.,0.2617,neutral
711636558,2025-04-15,The app was slow this week but it resolved itself.,0.2617,neutral
710924658,2025-02-11,The app was slow this week but it resolved itself.,0.2617,neutral
773457558,2025-05-12,Slight delay on my transfer but it went through fine.,0.1406,neutral
712894308,2025-10-03,Slight delay on my transfer but it went through fine.,0.1406,neutral
716441058,2025-06-12,"Had a question about my statement, support was helpful.",0.6705,neutral
712854633,2025-06-25,Slight delay on my transfer but it went through fine.,0.1406,neutral
808292958,2025-06-09,Slight delay on my transfer but it went through fine.,0.1406,neutral
710605458,2025-04-30,"Had a question about my statement, support was helpful.",0.6705,neutral
806250783,2025-01-14,"Had a question about my statement, support was helpful.",0.6705,neutral
713087958,2025-03-06,The app was slow this week but it resolved itself.,0.2617,neutral
719210133,2025-04-15,"Had a question about my statement, support was helpful.",0.6705,neutral
719660658,2025-10-07,Slight delay on my transfer but it went through fine.,0.1406,neutral
820906233,2025-09-12,The app was slow this week but it resolved itself.,0.2617,neutral
715735233,2025-11-11,The app was slow this week but it resolved itself.,0.2617,neutral
714516033,2025-06-02,The app was slow this week but it resolved itself.,0.2617,neutral
787284858,2025-09-21,The app was slow this week but it resolved itself.,0.2617,neutral
714655758,2025-10-28,The app was slow this week but it resolved itself.,0.2617,neutral
796196733,2025-02-28,The app was slow this week but it resolved itself.,0.2617,neutral
720452508,2025-02-10,"Had a question about my statement, support was helpful.",0.6705,neutral
712351908,2025-05-15,The app was slow this week but it resolved itself.,0.2617,neutral
712847208,2025-04-05,Slight delay on my transfer but it went through fine.,0.1406,neutral
816089433,2025-12-03,"Had a question about my statement, support was helpful.",0.6705,neutral
714429258,2025-06-17,The app was slow this week but it resolved itself.,0.2617,neutral
716134533,2025-01-08,The app was slow this week but it resolved itself.,0.2617,neutral
711786108,2025-04-07,The app was slow this week but it resolved itself.,0.2617,neutral
719202708,2025-03-28,Slight delay on my transfer but it went through fine.,0.1406,neutral
713837058,2025-06-14,The app was slow this week but it resolved itself.,0.2617,neutral
710668458,2025-02-25,The app was slow this week but it resolved itself.,0.2617,neutral
714691683,2025-01-30,The app was slow this week but it resolved itself.,0.2617,neutral
709783908,2025-09-04,The app was slow this week but it resolved itself.,0.2617,neutral
804403908,2025-07-27,"Had a question about my statement, support was helpful.",0.6705,neutral
780466533,2025-03-12,Slight delay on my transfer but it went through fine.,0.1406,neutral
718657083,2025-10-20,Slight delay on my transfer but it went through fine.,0.1406,neutral
720747633,2025-07-23,The app was slow this week but it resolved itself.,0.2617,neutral
778493808,2025-03-20,Slight delay on my transfer but it went through fine.,0.1406,neutral
789472833,2025-08-18,The app was slow this week but it resolved itself.,0.2617,neutral
711160233,2025-02-05,Slight delay on my transfer but it went through fine.,0.1406,neutral
809147283,2025-03-23,The app was slow this week but it resolved itself.,0.2617,neutral
721211433,2025-03-12,"Had a question about my statement, support was helpful.",0.6705,neutral
712822758,2025-06-07,Slight delay on my transfer but it went through fine.,0.1406,neutral
767587833,2025-03-01,Slight delay on my transfer but it went through fine.,0.1406,neutral
798773208,2025-11-25,The app was slow this week but it resolved itself.,0.2617,neutral
721387008,2025-05-05,The app was slow this week but it resolved itself.,0.2617,neutral
719042208,2025-11-07,Slight delay on my transfer but it went through fine.,0.1406,neutral
711062958,2025-02-26,"Had a question about my statement, support was helpful.",0.6705,neutral
720589008,2025-07-11,Slight delay on my transfer but it went through fine.,0.1406,neutral
711128433,2025-11-15,The app was slow this week but it resolved itself.,0.2617,neutral
721395633,2025-06-04,Slight delay on my transfer but it went through fine.,0.1406,neutral
789820308,2025-04-26,The app was slow this week but it resolved itself.,0.2617,neutral
717494358,2025-03-11,"Had a question about my statement, support was helpful.",0.6705,neutral
710883483,2025-01-08,The app was slow this week but it resolved itself.,0.2617,neutral
808909008,2025-10-15,Slight delay on my transfer but it went through fine.,0.1406,neutral
717642633,2025-11-20,The app was slow this week but it resolved itself.,0.2617,neutral
714128283,2025-10-16,"Had a question about my statement, support was helpful.",0.6705,neutral
714432108,2025-09-06,"Had a question about my statement, support was helpful.",0.6705,neutral
710871108,2025-05-18,Slight delay on my transfer but it went through fine.,0.1406,neutral
807237783,2025-03-31,The app was slow this week but it resolved itself.,0.2617,neutral
720289533,2025-12-16,The app was slow this week but it resolved itself.,0.2617,neutral
719252583,2025-09-14,The app was slow this week but it resolved itself.,0.2617,neutral
719841708,2025-03-09,"Had a question about my statement, support was helpful.",0.6705,neutral
827108583,2025-12-14,The app was slow this week but it resolved itself.,0.2617,neutral
720644883,2025-05-03,"Had a question about my statement, support was helpful.",0.6705,neutral
716351208,2025-07-03,Slight delay on my transfer but it went through fine.,0.1406,neutral
789129033,2025-02-15,"Had a question about my statement, support was helpful.",0.6705,neutral
712742808,2025-06-24,The app was slow this week but it resolved itself.,0.2617,neutral
709014558,2025-05-17,Slight delay on my transfer but it went through fine.,0.1406,neutral
713926308,2025-10-25,Slight delay on my transfer but it went through fine.,0.1406,neutral
780371433,2025-05-21,Slight delay on my transfer but it went through fine.,0.1406,neutral
788915283,2025-05-26,Slight delay on my transfer but it went through fine.,0.1406,neutral
714997683,2025-11-21,The app was slow this week but it resolved itself.,0.2617,neutral
797757333,2025-09-30,Slight delay on my transfer but it went through fine.,0.1406,neutral
714252933,2025-04-27,Slight delay on my transfer but it went through fine.,0.1406,neutral
710017758,2025-01-21,Slight delay on my transfer but it went through fine.,0.1406,neutral
779138883,2025-06-08,"Had a question about my statement, support was helpful.",0.6705,neutral
720846558,2025-05-28,Slight delay on my transfer but it went through fine.,0.1406,neutral
779653458,2025-07-02,"Had a question about my statement, support was helpful.",0.6705,neutral
715542783,2025-06-27,Slight delay on my transfer but it went through fine.,0.1406,neutral
788418933,2025-09-16,Slight delay on my transfer but it went through fine.,0.1406,neutral
719905908,2025-02-28,"Had a question about my statement, support was helpful.",0.6705,neutral
718924983,2025-11-30,The app was slow this week but it resolved itself.,0.2617,neutral
709914858,2025-12-16,"Had a question about my statement, support was helpful.",0.6705,neutral
709948233,2025-02-14,Slight delay on my transfer but it went through fine.,0.1406,neutral
714473658,2025-06-14,The app was slow this week but it resolved itself.,0.2617,neutral
713682708,2025-07-26,Slight delay on my transfer but it went through fine.,0.1406,neutral
710325258,2025-02-12,Slight delay on my transfer but it went through fine.,0.1406,neutral
712685733,2025-08-27,The app was slow this week but it resolved itself.,0.2617,neutral
710879283,2025-05-02,Slight delay on my transfer but it went through fine.,0.1406,neutral
818336508,2025-02-08,Slight delay on my transfer but it went through fine.,0.1406,neutral
708780783,2025-07-30,Slight delay on my transfer but it went through fine.,0.1406,neutral
787621158,2025-02-03,The app was slow this week but it resolved itself.,0.2617,neutral
815230458,2025-12-18,Slight delay on my transfer but it went through fine.,0.1406,neutral
720777558,2025-08-28,The app was slow this week but it resolved itself.,0.2617,neutral
795979833,2025-01-23,"Had a question about my statement, support was helpful.",0.6705,neutral
737052258,2025-03-12,"Had a question about my statement, support was helpful.",0.6705,neutral
824799108,2025-07-06,"Had a question about my statement, support was helpful.",0.6705,neutral
721250358,2025-03-14,The app was slow this week but it resolved itself.,0.2617,neutral
720943308,2025-04-04,Slight delay on my transfer but it went through fine.,0.1406,neutral
719483358,2025-12-22,"Had a question about my statement, support was helpful.",0.6705,neutral
720895533,2025-02-05,Slight delay on my transfer but it went through fine.,0.1406,neutral
719505483,2025-01-02,The app was slow this week but it resolved itself.,0.2617,neutral
713706258,2025-05-19,"Had a question about my statement, support was helpful.",0.6705,neutral
824795358,2025-08-26,Slight delay on my transfer but it went through fine.,0.1406,neutral
711643458,2025-09-14,"Had a question about my statement, support was helpful.",0.6705,neutral
779703258,2025-09-19,The app was slow this week but it resolved itself.,0.2617,neutral
768390708,2025-05-15,"Had a question about my statement, support was helpful.",0.6705,neutral
807990108,2025-12-20,The app was slow this week but it resolved itself.,0.2617,neutral
711023508,2025-05-21,Slight delay on my transfer but it went through fine.,0.1406,neutral
826783233,2025-06-16,"Had a question about my statement, support was helpful.",0.6705,neutral
713251008,2025-10-29,Slight delay on my transfer but it went through fine.,0.1406,neutral
709997958,2025-11-24,"Had a question about my statement, support was helpful.",0.6705,neutral
817236708,2025-10-12,Slight delay on my transfer but it went through fine.,0.1406,neutral
711436083,2025-05-31,Slight delay on my transfer but it went through fine.,0.1406,neutral
757786608,2025-12-20,Slight delay on my transfer but it went through fine.,0.1406,neutral
799731033,2025-06-30,The app was slow this week but it resolved itself.,0.2617,neutral
718100808,2025-01-08,The app was slow this week but it resolved itself.,0.2617,neutral
821351958,2025-08-28,Slight delay on my transfer but it went through fine.,0.1406,neutral
778508883,2025-09-29,"Had a question about my statement, support was helpful.",0.6705,neutral
712804383,2025-07-24,Slight delay on my transfer but it went through fine.,0.1406,neutral
769330908,2025-08-18,The app was slow this week but it resolved itself.,0.2617,neutral
720491958,2025-03-13,"Had a question about my statement, support was helpful.",0.6705,neutral
772721208,2025-12-15,The app was slow this week but it resolved itself.,0.2617,neutral
712497783,2025-06-23,Slight delay on my transfer but it went through fine.,0.1406,neutral
720868683,2025-09-11,"Had a question about my statement, support was helpful.",0.6705,neutral
709589208,2025-01-14,"Had a question about my statement, support was helpful.",0.6705,neutral
713216883,2025-04-21,"Had a question about my statement, support was helpful.",0.6705,neutral
709261383,2025-02-24,"Had a question about my statement, support was helpful.",0.6705,neutral
813990483,2025-05-14,Slight delay on my transfer but it went through fine.,0.1406,neutral
717353433,2025-05-21,The app was slow this week but it resolved itself.,0.2617,neutral
719967708,2025-02-26,"Had a question about my statement, support was helpful.",0.6705,neutral
780545133,2025-08-31,Slight delay on my transfer but it went through fine.,0.1406,neutral
717008358,2025-02-11,"Had a question about my statement, support was helpful.",0.6705,neutral
719574033,2025-09-04,The app was slow this week but it resolved itself.,0.2617,neutral
719785683,2025-05-03,Slight delay on my transfer but it went through fine.,0.1406,neutral
818960133,2025-05-22,The app was slow this week but it resolved itself.,0.2617,neutral
719462433,2025-10-16,"Had a question about my statement, support was helpful.",0.6705,neutral
711847833,2025-01-29,The app was slow this week but it resolved itself.,0.2617,neutral
712169883,2025-09-15,"Had a question about my statement, support was helpful.",0.6705,neutral
708817608,2025-11-22,"Had a question about my statement, support was helpful.",0.6705,neutral
711363258,2025-06-10,The app was slow this week but it resolved itself.,0.2617,neutral
809809008,2025-06-26,"Had a question about my statement, support was helpful.",0.6705,neutral
823837158,2025-05-28,"Had a question about my statement, support was helpful.",0.6705,neutral
773988708,2025-03-02,"Had a question about my statement, support was helpful.",0.6705,neutral
715878183,2025-07-25,Slight delay on my transfer but it went through fine.,0.1406,neutral
710622333,2025-09-28,"Had a question about my statement, support was helpful.",0.6705,neutral
811554708,2025-07-29,The app was slow this week but it resolved itself.,0.2617,neutral
712299858,2025-04-04,"Had a question about my statement, support was helpful.",0.6705,neutral
789150633,2025-09-24,Slight delay on my transfer but it went through fine.,0.1406,neutral
789140283,2025-07-10,"Had a question about my statement, support was helpful.",0.6705,neutral
716400633,2025-08-01,"Had a question about my statement, support was helpful.",0.6705,neutral
737982408,2025-06-02,Slight delay on my transfer but it went through fine.,0.1406,neutral
790204983,2025-09-02,"Had a question about my statement, support was helpful.",0.6705,neutral
711893358,2025-01-03,"Had a question about my statement, support was helpful.",0.6705,neutral
823624158,2025-12-16,"Had a question about my statement, support was helpful.",0.6705,neutral
713914683,2025-04-15,"Had a question about my statement, support was helpful.",0.6705,neutral
719918358,2025-01-09,Slight delay on my transfer but it went through fine.,0.1406,neutral
714667608,2025-12-02,The app was slow this week but it resolved itself.,0.2617,neutral
787458783,2025-03-23,"Had a question about my statement, support was helpful.",0.6705,neutral
802464033,2025-01-10,The app was slow this week but it resolved itself.,0.2617,neutral
715085733,2025-10-14,Slight delay on my transfer but it went through fine.,0.1406,neutral
708506508,2025-12-29,Slight delay on my transfer but it went through fine.,0.1406,neutral
794160408,2025-08-05,Slight delay on my transfer but it went through fine.,0.1406,neutral
806432433,2025-04-10,"Had a question about my statement, support was helpful.",0.6705,neutral
753534633,2025-03-22,"Had a question about my statement, support was helpful.",0.6705,neutral
716823408,2025-06-17,"Had a question about my statement, support was helpful.",0.6705,neutral
710375283,2025-04-10,"Had a question about my statement, support was helpful.",0.6705,neutral
772155108,2025-07-31,Slight delay on my transfer but it went through fine.,0.1406,neutral
738749733,2025-04-16,The app was slow this week but it resolved itself.,0.2617,neutral
711556533,2025-06-23,Slight delay on my transfer but it went through fine.,0.1406,neutral
719049033,2025-02-03,The app was slow this week but it resolved itself.,0.2617,neutral
779852133,2025-05-03,"Had a question about my statement, support was helpful.",0.6705,neutral
721222833,2025-09-19,Slight delay on my transfer but it went through fine.,0.1406,neutral
711526533,2025-08-21,The app was slow this week but it resolved itself.,0.2617,neutral
718397658,2025-06-07,The app was slow this week but it resolved itself.,0.2617,neutral
770942283,2025-02-28,Slight delay on my transfer but it went through fine.,0.1406,neutral
779465358,2025-09-10,"Had a question about my statement, support was helpful.",0.6705,neutral
719592483,2025-02-02,The app was slow this week but it resolved itself.,0.2617,neutral
709556208,2025-08-02,"Had a question about my statement, support was helpful.",0.6705,neutral
708337683,2025-04-26,The app was slow this week but it resolved itself.,0.2617,neutral
716129208,2025-11-27,"Had a question about my statement, support was helpful.",0.6705,neutral
710508858,2025-12-04,The app was slow this week but it resolved itself.,0.2617,neutral
714989583,2025-06-28,Slight delay on my transfer but it went through fine.,0.1406,neutral
711694083,2025-03-19,"Had a question about my statement, support was helpful.",0.6705,neutral
787584108,2025-02-08,The app was slow this week but it resolved itself.,0.2617,neutral
789973308,2025-02-07,The app was slow this week but it resolved itself.,0.2617,neutral
713135883,2025-01-09,Slight delay on my transfer but it went through fine.,0.1406,neutral
720250158,2025-06-06,The app was slow this week but it resolved itself.,0.2617,neutral
827691858,2025-04-02,Slight delay on my transfer but it went through fine.,0.1406,neutral
714064908,2025-08-13,The app was slow this week but it resolved itself.,0.2617,neutral
770708133,2025-06-02,"Had a question about my statement, support was helpful.",0.6705,neutral
712367658,2025-10-25,Slight delay on my transfer but it went through fine.,0.1406,neutral
710884683,2025-10-19,Slight delay on my transfer but it went through fine.,0.1406,neutral
712778658,2025-09-17,Slight delay on my transfer but it went through fine.,0.1406,neutral
719463708,2025-05-20,Slight delay on my transfer but it went through fine.,0.1406,neutral
794524833,2025-10-17,The app was slow this week but it resolved itself.,0.2617,neutral
720690933,2025-07-15,Slight delay on my transfer but it went through fine.,0.1406,neutral
708538608,2025-12-01,Slight delay on my transfer but it went through fine.,0.1406,neutral
803880108,2025-01-14,The app was slow this week but it resolved itself.,0.2617,neutral
712999008,2025-01-25,Slight delay on my transfer but it went through fine.,0.1406,neutral
720527058,2025-05-04,"Had a question about my statement, support was helpful.",0.6705,neutral
818239983,2025-11-17,The app was slow this week but it resolved itself.,0.2617,neutral
709418508,2025-08-13,"Had a question about my statement, support was helpful.",0.6705,neutral
789200208,2025-07-10,Slight delay on my transfer but it went through fine.,0.1406,neutral
708375858,2025-02-16,The app was slow this week but it resolved itself.,0.2617,neutral
710574558,2025-01-30,Slight delay on my transfer but it went through fine.,0.1406,neutral
710112933,2025-10-21,"Had a question about my statement, support was helpful.",0.6705,neutral
720656883,2025-03-28,The app was slow this week but it resolved itself.,0.2617,neutral
789127533,2025-07-11,Slight delay on my transfer but it went through fine.,0.1406,neutral
710698233,2025-06-04,Slight delay on my transfer but it went through fine.,0.1406,neutral
712285908,2025-04-01,The app was slow this week but it resolved itself.,0.2617,neutral
715784808,2025-08-22,"Had a question about my statement, support was helpful.",0.6705,neutral
716993058,2025-10-09,The app was slow this week but it resolved itself.,0.2617,neutral
711297483,2025-10-07,Slight delay on my transfer but it went through fine.,0.1406,neutral
767036433,2025-03-20,"Had a question about my statement, support was helpful.",0.6705,neutral
708760458,2025-10-12,The app was slow this week but it resolved itself.,0.2617,neutral
715600533,2025-01-15,The app was slow this week but it resolved itself.,0.2617,neutral
780338733,2025-01-15,Slight delay on my transfer but it went through fine.,0.1406,neutral
720953658,2025-02-19,The app was slow this week but it resolved itself.,0.2617,neutral
720204558,2025-04-02,"Had a question about my statement, support was helpful.",0.6705,neutral
718773333,2025-06-30,The app was slow this week but it resolved itself.,0.2617,neutral
714417183,2025-09-02,"Had a question about my statement, support was helpful.",0.6705,neutral
717087858,2025-06-20,The app was slow this week but it resolved itself.,0.2617,neutral
716393958,2025-04-14,Slight delay on my transfer but it went through fine.,0.1406,neutral
716986458,2025-05-21,Slight delay on my transfer but it went through fine.,0.1406,neutral
788939358,2025-04-23,"Had a question about my statement, support was helpful.",0.6705,neutral
717167283,2025-05-03,The app was slow this week but it resolved itself.,0.2617,neutral
709873683,2025-09-08,"Had a question about my statement, support was helpful.",0.6705,neutral
720474408,2025-01-28,"Had a question about my statement, support was helpful.",0.6705,neutral
717414933,2025-06-13,Slight delay on my transfer but it went through fine.,0.1406,neutral
789291633,2025-08-24,The app was slow this week but it resolved itself.,0.2617,neutral
717287883,2025-05-13,Slight delay on my transfer but it went through fine.,0.1406,neutral
711560058,2025-09-30,"Had a question about my statement, support was helpful.",0.6705,neutral
719078283,2025-07-14,"Had a question about my statement, support was helpful.",0.6705,neutral
717015333,2025-02-04,"Had a question about my statement, support was helpful.",0.6705,neutral
804583833,2025-05-14,Slight delay on my transfer but it went through fine.,0.1406,neutral
710897133,2025-06-09,The app was slow this week but it resolved itself.,0.2617,neutral
807244983,2025-10-24,Slight delay on my transfer but it went through fine.,0.1406,neutral
718215033,2025-08-04,"Had a question about my statement, support was helpful.",0.6705,neutral
817029108,2025-06-29,The app was slow this week but it resolved itself.,0.2617,neutral
789707433,2025-03-18,Slight delay on my transfer but it went through fine.,0.1406,neutral
798045708,2025-11-14,"Had a question about my statement, support was helpful.",0.6705,neutral
780833058,2025-03-31,Slight delay on my transfer but it went through fine.,0.1406,neutral
712781883,2025-06-14,"Had a question about my statement, support was helpful.",0.6705,neutral
710098233,2025-03-08,Slight delay on my transfer but it went through fine.,0.1406,neutral
715049583,2025-12-13,The app was slow this week but it resolved itself.,0.2617,neutral
719562108,2025-02-20,"Had a question about my statement, support was helpful.",0.6705,neutral
711842508,2025-04-27,The app was slow this week but it resolved itself.,0.2617,neutral
735008958,2025-12-28,The app was slow this week but it resolved itself.,0.2617,neutral
746453583,2025-07-18,Slight delay on my transfer but it went through fine.,0.1406,neutral
711318033,2025-08-18,The app was slow this week but it resolved itself.,0.2617,neutral
715212108,2025-03-27,Slight delay on my transfer but it went through fine.,0.1406,neutral
715583283,2025-02-25,"Had a question about my statement, support was helpful.",0.6705,neutral
718201383,2025-03-11,Slight delay on my transfer but it went through fine.,0.1406,neutral
718208358,2025-11-04,"Had a question about my statement, support was helpful.",0.6705,neutral
721012983,2025-04-17,The app was slow this week but it resolved itself.,0.2617,neutral
721252683,2025-05-31,"Had a question about my statement, support was helpful.",0.6705,neutral
720113433,2025-07-23,"Had a question about my statement, support was helpful.",0.6705,neutral
713563383,2025-08-31,The app was slow this week but it resolved itself.,0.2617,neutral
816606333,2025-01-28,The app was slow this week but it resolved itself.,0.2617,neutral
789733008,2025-03-13,"Had a question about my statement, support was helpful.",0.6705,neutral
713484483,2025-05-11,"Had a question about my statement, support was helpful.",0.6705,neutral
720000708,2025-06-30,Slight delay on my transfer but it went through fine.,0.1406,neutral
711181608,2025-04-23,Slight delay on my transfer but it went through fine.,0.1406,neutral
719414658,2025-11-30,The app was slow this week but it resolved itself.,0.2617,neutral
772095858,2025-10-22,The app was slow this week but it resolved itself.,0.2617,neutral
716641983,2025-11-05,Slight delay on my transfer but it went through fine.,0.1406,neutral
771232533,2025-07-23,"Had a question about my statement, support was helpful.",0.6705,neutral
712481733,2025-12-23,The app was slow this week but it resolved itself.,0.2617,neutral
719913783,2025-06-13,"Had a question about my statement, support was helpful.",0.6705,neutral
714305508,2025-09-05,"Had a question about my statement, support was helpful.",0.6705,neutral
717582558,2025-01-25,"Had a question about my statement, support was helpful.",0.6705,neutral
771502383,2025-01-25,Slight delay on my transfer but it went through fine.,0.1406,neutral
789319458,2025-08-16,Slight delay on my transfer but it went through fine.,0.1406,neutral
823554783,2025-03-26,"Had a question about my statement, support was helpful.",0.6705,neutral
792345258,2025-04-30,Slight delay on my transfer but it went through fine.,0.1406,neutral
809342208,2025-02-05,"Had a question about my statement, support was helpful.",0.6705,neutral
717385083,2025-04-05,Slight delay on my transfer but it went through fine.,0.1406,neutral
788370258,2025-05-19,Slight delay on my transfer but it went through fine.,0.1406,neutral
711420258,2025-04-03,The app was slow this week but it resolved itself.,0.2617,neutral
720072933,2025-09-26,Slight delay on my transfer but it went through fine.,0.1406,neutral
715463133,2025-05-22,Slight delay on my transfer but it went through fine.,0.1406,neutral
770769483,2025-02-06,The app was slow this week but it resolved itself.,0.2617,neutral
709802208,2025-02-05,Slight delay on my transfer but it went through fine.,0.1406,neutral
710728458,2025-05-02,The app was slow this week but it resolved itself.,0.2617,neutral
712454958,2025-03-30,The app was slow this week but it resolved itself.,0.2617,neutral
708947208,2025-01-16,The app was slow this week but it resolved itself.,0.2617,neutral
714454758,2025-02-26,"Had a question about my statement, support was helpful.",0.6705,neutral
772430733,2025-11-15,The app was slow this week but it resolved itself.,0.2617,neutral
711396483,2025-07-04,"Had a question about my statement, support was helpful.",0.6705,neutral
713285058,2025-08-26,The app was slow this week but it resolved itself.,0.2617,neutral
712500933,2025-10-28,Slight delay on my transfer but it went through fine.,0.1406,neutral
817960533,2025-12-11,Slight delay on my transfer but it went through fine.,0.1406,neutral
803197833,2025-06-15,Slight delay on my transfer but it went through fine.,0.1406,neutral
712707408,2025-04-11,"Had a question about my statement, support was helpful.",0.6705,neutral
714443883,2025-06-09,Slight delay on my transfer but it went through fine.,0.1406,neutral
747885858,2025-10-28,Slight delay on my transfer but it went through fine.,0.1406,neutral
821296083,2025-02-21,The app was slow this week but it resolved itself.,0.2617,neutral
710260983,2025-02-20,"Had a question about my statement, support was helpful.",0.6705,neutral
779219208,2025-08-30,Slight delay on my transfer but it went through fine.,0.1406,neutral
714554808,2025-04-16,"Had a question about my statement, support was helpful.",0.6705,neutral
714245358,2025-07-14,"Had a question about my statement, support was helpful.",0.6705,neutral
778659108,2025-04-20,Slight delay on my transfer but it went through fine.,0.1406,neutral
720258183,2025-02-12,Slight delay on my transfer but it went through fine.,0.1406,neutral
711410958,2025-08-07,"Had a question about my statement, support was helpful.",0.6705,neutral
718433508,2025-10-23,Slight delay on my transfer but it went through fine.,0.1406,neutral
720406233,2025-08-18,Slight delay on my transfer but it went through fine.,0.1406,neutral
718821783,2025-07-02,Slight delay on my transfer but it went through fine.,0.1406,neutral
719900733,2025-07-29,The app was slow this week but it resolved itself.,0.2617,neutral
712687083,2025-09-15,The app was slow this week but it resolved itself.,0.2617,neutral
712688433,2025-04-07,Slight delay on my transfer but it went through fine.,0.1406,neutral
714267858,2025-08-04,"Had a question about my statement, support was helpful.",0.6705,neutral
755399433,2025-01-05,Slight delay on my transfer but it went through fine.,0.1406,neutral
721350783,2025-11-10,Slight delay on my transfer but it went through fine.,0.1406,neutral
708314808,2025-06-21,"Had a question about my statement, support was helpful.",0.6705,neutral
779877858,2025-09-18,The app was slow this week but it resolved itself.,0.2617,neutral
771469758,2025-06-18,"Had a question about my statement, support was helpful.",0.6705,neutral
709787733,2025-10-28,"Had a question about my statement, support was helpful.",0.6705,neutral
709183683,2025-03-01,The app was slow this week but it resolved itself.,0.2617,neutral
757044033,2025-11-26,"Had a question about my statement, support was helpful.",0.6705,neutral
802666083,2025-04-10,"Had a question about my statement, support was helpful.",0.6705,neutral
719916408,2025-09-15,Slight delay on my transfer but it went through fine.,0.1406,neutral
714532158,2025-07-16,The app was slow this week but it resolved itself.,0.2617,neutral
709225758,2025-06-11,The app was slow this week but it resolved itself.,0.2617,neutral
716990883,2025-01-04,Slight delay on my transfer but it went through fine.,0.1406,neutral
770590758,2025-04-08,Slight delay on my transfer but it went through fine.,0.1406,neutral
778137108,2025-04-10,Slight delay on my transfer but it went through fine.,0.1406,neutral
771335358,2025-01-11,Slight delay on my transfer but it went through fine.,0.1406,neutral
779618433,2025-10-27,The app was slow this week but it resolved itself.,0.2617,neutral
718851783,2025-08-25,The app was slow this week but it resolved itself.,0.2617,neutral
780168333,2025-11-03,The app was slow this week but it resolved itself.,0.2617,neutral
716606733,2025-01-16,"Had a question about my statement, support was helpful.",0.6705,neutral
826148883,2025-06-14,Slight delay on my transfer but it went through fine.,0.1406,neutral
783393633,2025-02-19,The app was slow this week but it resolved itself.,0.2617,neutral
712514508,2025-07-13,Slight delay on my transfer but it went through fine.,0.1406,neutral
710937783,2025-03-12,"Had a question about my statement, support was helpful.",0.6705,neutral
